Spam,V1,F3,F4,F5,F6,F7,F8
Spam,"""Mudo Outletlere once gelen kazaniyor_ Mobilya basta olmak uzere """,,,,,,
Spam,Yeni Turkcell avantaj paketleriyle yurtdisinda da rahat rahat konusabilirsiniz.Ihtiyaciniza gore sadece 15TLye gunluk 30dk yada 49TLye 1ay boyunca 90dklik konusma paketlerinden size uygun olani almak icin yurtdisina cikmadan mutlaka arayin.4440532,,,,,,
Ham,Cadde üzerinde Yeni site C blok no 3 zilde gokcer ozan tuna yaziyo,,,,,,"   "
Spam,"gnctrkcllli, Bonnyfood'dan lezzetli cicekler firsati. Tum urunlerde gecerli 25 .TLlik hediye ceki 1 TL! BONNY yaz 8073'e gonder. SMS ucreti 50krs. GNCTEKLIF.COM",,,,,,
Ham,nerdesin la,,,,,,
Spam,Sizi arayan Turkcell numaralarinin kime ait oldugunu sadece 90 Kurusa ogrenmek icin numarayi yazip 2222ye gonderin. Ornek: 5XXXXXXXXX,,,,,,
Spam,7558888 TLyukle.com dan asistans ve otel konaklam firsati!Plus uyelik ile ilgili ayrintili bilgi icin ozel musteri temsilciniz Ismail OZEFE sizi arayacaktir,,,,,,
Ham,Hey barmen ne ictiyse aynisindan istiyorum,,,,,,
Spam,30 NISANA KADAR ALTIN YAZIP 3340A GONDERiN ALTIN BONUSA BASVURUN," BONUS UYE iSYERLERiNDE 150TL VE UZERi ALISVERiSE 0.5GR ATAKULCHE ALTIN KAZANIN. bonus.com.tr",,,,,
Spam,Her sey cocuklarimizin gelecegi icin! Bu hafta Subemizde duzenlenen Kumbara Fonu Gunlerine sizi de bekliyoruz. Osmangazi Universitesi/Eskisehir Sb.,,,,,,
Spam,"VakifBank Worldcard 1 Mayis - 14 Haziran arasi BP istasyonlarindan 4 adet 100 TL ve uzeri alisverise, 15-25 Haziran arasi BP de 40 TL indirim kazandiriyor!",,,,,,
Ham,Şimdi evdeyim kitap okuyom ben sana bitince kitabı getirrim.sen evde kac gibi olcan.,,,,,,
Spam,"Sadece 1,5 TL'ye gunluk internet cebinizde!GUN yazip, 5555 e gonderin, 1 gun boyunca 100 MB internet ile cepten internete baglanin!",,,,,,
Ham,ben cektırcem notları alfe bırakırım,,,,,,
Ham,Ben de pek baska bisey bulamadim malesef. Kolay gelsin,,,,,,
Spam,"%50'ye varan yaz sezonu indirimi basladi! MOTHERCARE, LAURA ASHLEY, CHARLES&KEITH. Tel:02166517380",,,,,,
Spam,Unlu Mudo indirimi basladi! Ustelik Exclusive Card iniza ilk 3 gun tek odemeye extra %10 indirim daha sizi bekliyor! Mutlu ve saglikli bir yil dilegi ile!,,,,,,
Spam,"CardFinans'la 9 Mayisa kadar farkli gunlerde yapacaginiz giyim,aksesuar,kozmetik ve optikte 3'uncu 100TL ve uzeri alisverise 30TL ParaPuan!www.cardfinans.com.tr",,,,,,
Ham,SN.CAFER KAYA ARTIBILET UYELIK SIFRENIZ :1809 WWW.ARTIBILET.COM-YOLCULUKTAN DAHA FAZLASI,,,,,,
Spam,"Ayda sadece 29 TL'ye HerYone tam 1.000 dk konusun!Kisa bir sure icin gecerli bu super tekliften faydalanmak icin hemen AVEA bayilerine gelin,firsati kacirmayin!",,,,,,
Ham,Ve aşk," O omzuna yattığında, rahatsız olmasın diye kılını bile kıpırdatmamaktır.",,,,,
Spam,"gnctrkcll'li,Eskisehir Danset'te 1 Aylik diledigin dans kursu 70 TL yerine 35 TL! Hemen GNCTEKLIF.COM'a gir, satin al! Firsati kacirma",,,,,,
Spam,"CardFinans'inizla vergi borclarinizi 18 aya kadar taksitle odeyebilirsiniz! Ustelik 2 ayda bir odemeli. Bilgi icin Vergi yazin 2273'e gonderin, sizi arayalim.",,,,,,
Ham,esparkdabulusuruz,,,,,,
Ham,biraz çalıştım gibi anlamıyorum ya,,,,,,
Ham,Hlos pasta otz lra tuttu gzm sen ben verioz bi de orda kesm masrafi fln var,,,,,,
Ham,cnm ben yoldayım okula gidiyorum 11 de ders var girmeyecekmisin??,,,,,,
Spam,Mudo da kisa gunun kari kampanyasi basladi! Secili hazirgiyim sezon urunlerinde gecerli %30 indirim sizi bekliyor. Son gun 4 Nisan!,,,,,,
Spam,"Turk Telekom faturaniz icin Is BAnkasi kredi kartiniza fatura talimati verin, faturalariniz otomatik odensin, siz rahat edin. Bilgi ve ucretler:isbank.com.tr",,,,,,
Ham,hayırlı akşamlar ne yapıyıyorsunuz ablalarım.  nasılsınız?  yiğenim ne yapıyor? okula devam etsin düzenli kereta:=),,,,,,
Spam,"gnctrkcll'li, 222 Park One Night Club'da 1 adet icki dahil giris biletin 15 TL yerine 7,5 TL! Hemen GNCTEKLIF.COM'a gir, satin al! Firsati kacirma",,,,,,
Ham,beybim bu akşam sana gelcem müsaitmsn??,,,,,,
Spam,Sizi arayan Turkcell numaralarinin kime ait oldugunu sadece 90 Kurusa ogrenmek icin numarayi yazip 2222ye gonderin. Ornek: 5XXXXXXXXX,,,,,,
Spam,"VakifBank Worldcardla 1 Subat-14 Mart arasinda Shell de yapacaginiz 4 adet 100TL ve uzeri alisveris, 15-25 Mart arasi Shell de 40 TL indirim kazandiriyor!",,,,,,
Ham,bilgisayarı getirmeyi unutma,,,,,,
Ham,"Bir kızın kusurlarını öğrenmek için, onu bir kız arkadaşına övün.",,,,,,
Ham,Bebsss gzmlerde deil esparkta buluscaz,,,,,,
Spam,Sadece Bank Asya musterilerine ozel %23 e varan indirimlerle Asya Termal Tatil Koyu devremulk firsatlari sizleri bekliyor. Ayrintili bilgi subelerimizde.,,,,,,
Spam,"Simdi Money Mobile ile Turkcelliler 50TL alisverise 50TL/125dk konusma kazaniyor!MONEY(bosluk) Money Club kart nosunu 2830a yolla,uye ol. moneymobileclub.com",,,,,,
Ham,evde agri kesici varsa gelirken getir :),,,,,,
Spam,SMS 30 paketi ile her yone 30 SMS icin 12TL yerine sadece 3TL odeyin! Bu firsattan faydalanmak icin hemen SMS 30 yazin 2222ye gonderin.,,,,,,
Spam,Mudo da sadece bugune ozel outlet disi Istanbul magazalarinda tum urunlerde %20 den baslayan indirimler! Shopping Fest kapanisa ozel bu firsati kacirmayin.,,,,,,
Ham,ok sen de al gel onları,,,,,,
Ham,Kanka Yarin piknik işi noldu ?,,,,,,
Ham,Yum gunaydin okula kacta gidelim,,,,,,
Spam,"Daha fazla muzik icin buyuk firsat! Sevdigin sanatcilarin tum albumunu sadece 2TL ye almak icin www.gncplay.com a ucretsiz uye ol, muzik keyfini sinirsiz yasa!",,,,,,
Ham,Nerdesin,,,,,,
Ham,radara yakalanmışsın baban söyledi cezayı eve yollamışlar parayı versin diyo :D,,,,,,
Spam,"DEGERLI TIVIBU ABONEMIZ, 1.1.2011 ITIBARIYLE PAKETINIZDE ISIM VE ICERIK DEGISIKLIKLERI YAPILACAKTIR. YENILIKLERI GORMEK VE BILGI ALMAK ICIN www.tivibu.com.tr",,,,,,
Ham,yarın saat 2'de esparkta buluşalım mı cnm?,,,,,,
Ham,aksama isim var size gelemem :(,,,,,,
Ham,lan neden cevap vermiyorsun mesajima,,,,,,
Spam,"Yarinin buyukleri, gelecegimizi emanet ettigimiz cocuklarimizin ve tum ulusumuzun 23 Nisan Ulusal Egemenlik ve Cocuk Bayramini kutlariz.",,,,,,
Ham,DiYaRBaKıRlIyIm DiYe BeNi YaRgıLıyOrSaN ÖnCe DoĞaN GüNeŞi YaRgıLA HaKiM BEy .!!,,,,,,
Ham,Haftasonu napıyon,,,,,,
Ham,iyiyim.bende yeni geldim ama ders bitmiş :),,,,,,
Ham,Cnm ya nerdesin bitmedi mi daha bi mesaj atsan merak ettim,,,,,,
Spam,"Vodafone Chat'e uye ol,hem gunde 250 SMS ile doyasiya mesajlas hem de IPAd kazanma sansi yakala!Hemen HEDIYE yazip 5454'e gonderin.(Gunluk 1,2TL)Yrd:5413880821",,,,,,
Spam,Derimod'da tum ayakkabi ve cantalar etiketin yarisi fiyatlar ve CardFinans'a ozel 10 Taksit firsati ile sizleri bekliyor! Keyifli alisverisler!,,,,,,
Ham,adas napıon be hic sesin solugun cikmio:),,,,,,
Spam,SiZE OZEL %5 BONUS! 26-27-28 SUBAT'TA TEK SEFERDE 100TL VE UZERi ALISVERiSLERiNiZE %5 BONUS! KAZAN YAZIN 3340'A GONDERiN KATILIN!(max 25TL) bonus.com.tr/yuzde5,,,,,,
Ham,Aliriza napıyosun? yarın hesap makinesini okula getirir misin?,,,,,,
Spam,Yeni Apple MacBook Pro kazanma sansi Internet Subesi'nde! Bugun Internet Subesi'ne girin bu firsati kacirmayin.,,,,,,
Spam,"gnctrkcll'li Ahmet Serif Izgoren'in Avucunuzdaki Kelebek online egitim seti 50 TL yerine gncTEKLİF ile 19 TL! Hemen GNCTEKLIF.COM'a gir, satin al!",,,,,,
Ham,haji eve ekmek lazim mi ?,,,,,,
Ham,Bilmiyorum onu ya,,,,,,
Ham,"Tanimadiginiz numaralardan gelen ""Odul kazandiniz, TL yukleyin"" gibi smsleri dolandiricilik magduru olmamak icin dikkate almayiniz.",,,,,,
Spam,VAKIFBAKTAN ANNELER GUNUNE OZEL UYGUN FAIZ ORANI VE 11 AY VADE SECENEGIYLE 5.000.-TL TAKSITLI IHTIYAC KREDISI. DETAYLI BILGI ICIN www.vakifbank.com.tr,,,,,,
Spam,Mudo'da 7 gun indirimi basladi! Secili urunlerde %60 a varan indirim firsatini kacirmayin. Ustelik Bonus Card'a 10 taksit veya tek odeme de extra %10 indirim.,,,,,,
Ham,S'a haci power series ünitesini işlediniz mi la okulda ..Acele cvp yazarmısın,,,,,,
Spam,"Vakifbank internet ve telefon bankaciliginda dijital sertifika yukleme, telefon marka - modeli ve kart bilgileri hicbir sekilde istenmemektedir.4440724",,,,,,
Ham,Gecikmeyin ha,,,,,,
Ham,bugün müzik sınavı var biliyorsun değil mi? haberin olsun...,,,,,,
Ham,Oyun da oynayacakmıyız?,,,,,,
Spam,"DAHA FAZLA AVANTAJ! Cepten sabit hatlari aramak cok ucuz. Evden yurtici ev/is nolarini 400dk aramak sadece 7,5 TL. Evdeyken bu mesaji EVDEYIM yazip cevaplayin.",,,,,,
Ham,Simdi giriyorum salona. Telefonda korhan el ilani dagitma falan diyordu. Bence yok,,,,,,
Ham,ben geliyorum,,,,,,
Ham,Geany sum.c olarak kaydet derler,,,,,,
Spam,"BUGUN BONUS'UNU KULLANANLAR YARIN BEDAVA KONUSUYOR!BUGUN BONUS'LA 75TL HARCA,KONUS YAZ SLiPTEKi SiFERYLE 3340'A GONDER YARIN 75 DK BEDAVA KONUS!BONUS.COM.TR",,,,,,
Spam,"CardFinans'tan tek telefonla Aninda Kredi! Formalitesiz, kefilsiz 1000 TL kredi alin, 70 TL taksitle, 18 ayda kolayca odeyin. Bilgi icin 4440900'u arayin.",,,,,,
Spam,"CardFinans'tan Bedava Kredi! Mevcut harcamalarinizi CardFinans'a tasiyin ekstre sozunuze karsilik masrafsiz,0 faizli kredi firsatini kacirmayin. Bilgi 4440900",,,,,,
Ham,ogelden sonraki derse giriyo msun,,,,,,
Ham,C3MV Interaktif Bankacilik Mobil Onay Kodunuz / 10.03.2011 20:09 / Turkiye Is Bankasi,,,,,,
Spam,"YASASIN KAMU kulubune uyelik UCRETSIZ.Hemen KAMU yazip 2222ye UCRETSIZ gonderin,SABRI OZELde %30 indirimi kacirmayin.www.turkcell.com.tr",,,,,,
Spam,Kredi karti ve fatura talimati olan musterilerimize Dort Dortluk Nakit Kredi'de cazip masraf veya faiz indirimi! 25000TL'ye kadar ve 60 ay vadeyle,,,,,,
Ham,okula gidiyormusun,,,,,,
Spam,"Kamu calisanlarina, uygun faiz oranli yeni yil kredisi Is Bankasi'nda. 5000 TL'ye kadar, 60 aya varan vadelerle! Subelerimiz, 4440202",,,,,,
Spam,SMS 30 paketi ile her yone 30 SMS icin 12TL yerine sadece 3TL odeyin! Bu firsattan faydalanmak icin hemen SMS 30 yazin 2222ye gonderin.,,,,,,
Ham,hahaha dikkat et diğerini de vurmayasın.,,,,,,
Spam,"CardFinans'tan Bedava Kredi! Mevcut harcamalarinizi CardFinans'a tasiyin ekstre sozunuze karsilik masrafsiz,0 faizli kredi firsatini kacirmayin. Bilgi 4440900",,,,,,
Ham,esparkda bulusuruz,,,,,,
Spam,"gnctrkcllli,222 Park Majha'da diledigin cesit pizza+ 1 mesrubat 22 TL yerine sadece 11 TL!Hemen GNCTEKLIF.COm'a gir, satin al! Bu firsati kacirma!",,,,,,
Ham,tamam oldu sen bılırsın,,,,,,
Spam,"gnctrkcllli,sevilen sanatcilarin muzik marketlerde 15TL degerindeki albumleri gncplay.com da SADECE 2TL!Hem de MP3 formatinda!gncplay.com a gir firsati yakala",,,,,,
Ham,"Degerli musterimiz 10.03.2011 son odeme tarihli faturaniz 37,9TLdir.Detayli bilgi icin 7500u ucretsiz arayiniz.Bir sonraki fatura kesim tarihi 25.03.2011'dir",,,,,,
Ham,Posterim bitti şimdi Denizle gidip çıktı alıp Yunus Emre kampüsüne götürcez kanka.,,,,,,
Ham,aga ben yarın gelirim. şimdi yağmur yağıyor... yarın görüşürüz..,,,,,,
Ham,kanatlıda bulusuruz,,,,,,
Ham,ya anlatayım size isterseniz dayı hayırdır ne oldu dedim?diler hanım,,,,,,
Ham,Danisman kodunuz 7458963 sifreniz:741987 yeni kayitlarimiza özel hosgeldiniz programina katilmak icin 21 gün icinde toplam 100  BP siparis vermeyi unutmayiniz(2),,,,,,
Spam,"Tek telefonla Aninda Kredi! CardFinans'inizdan formalitesiz, kefilsiz 1000 TL kredi alin, 69 TL taksitle, 18 ayda kolayca odeyin. Bilgi icin 4440900'u arayin.",,,,,,
Spam,"31.12.2010 tarihine kadar isbank.com.tr, 444 02 02 veya Is Bankasi Subelerinden yurtdisina doviz havalesi gonderene 20 TL MaxiPuan hediye! Bilgi: isbank.com.tr",,,,,,
Spam,"Tatil harcamalariniz icin Aninda Kredi! CardFinans'inizdan tek telefonla 1000TL kredi alin, 69 TL taksit ile 18 ayda kolayca odeyin. Bilgi icin 4440900'u arayin",,,,,,
Ham,"Degerli musterimiz 10.05.2011 son odeme tarihli faturaniz 30,6 TLdir.Detayli bilgi icin 7500u ucretsiz arayiniz.Bir sonraki fatura kesim tarihi 25.05.2011'dir",,,,,,
Spam,"gnctrkcll'li,MAVI'de 125 TL ve uzeri alisveriste %20 INDIRIM. Yeni sezon urunlerinde gecerli sana ozel bu firsati kacirma!Sen sectin, gnctrkcll yapti! gnctrkcll.com",,,,,,
Ham,tmm ataym..$ey object özellikle sorcagi bi yer söyledi mi...,,,,,,
Spam,"JOURNEY'DEN %25 HEDIYE CEKI! 8MART DUNYA KADINLAR GUNUNE OZEL, HER ALISVERISINIZDEN %25 HEDIYE CEKI KAZANIN!",,,,,,
Ham,niye aramiyorsun,,,,,,
Spam,"Maximum Kart'inizla 1000TL taksitli nakit avans cekip, toplam 31,5TL komisyon ve ayda sadece 94TL taksitle 12 ayda odeyebilirsiniz! Ek kosullar:maximum.com.tr",,,,,,
Spam,"Siz Turkcell Kamu Tarifelilere ozel YASASIN KAMU, size ozel servisler ve indirim avantajlariyla geldi.KAMU yazip 222ye ucretsiz gonderin,YASASIN KAMUya uye olun",,,,,,
Ham,ins :) sabırsızlıkla bekliyorum.,,,,,,
Spam,"Degerli musterimiz, gelir belgesiz, kefilsiz 10000TL on onayli ihtiyac kredinizi cazip oranlarla kullanin, 3 ay sonra odemeye baslayin. Subelerimize bekliyoruz.",,,,,,
Spam,"Turk Telekom faturaniz icin Is Bankasi kredi kartiniza fatura talimati verin, faturalariniz otomatik odensin, siz rahat edin. Bilgi ve ucretler:isbank.com.tr",,,,,,
Ham,Database i soralim yarin unutma,,,,,,
Ham,bir sey yapmadim,,,,,,
Spam,"Beklenen gun geldi, tum sezon urunlerinde ETIKETIN YARISI kampanyasi sizleri Relax Mode magazalarinda bekliyor.",,,,,,
Ham,Dostum vahit imza atti atmis bizim yerimize oryantasyonun sonunda yoklama yapip imzalari silmisler:(,,,,,,
Spam,Donusunuz muhtesem olsun! Mart ayi boyunca Yolkart sahiplerine gidis donuslerde donus bileti sadece 3 TL'ye geliyor. Ayrintili bilgi icin 444 0 562,,,,,,
Spam,"Tatil icin aklinizda neresi varsa, size ozel cok cazip faiz oranlari ve vade secenekleri ile krediniz VakifBankta. Vakifbank, burasi sizin yeriniz.",,,,,,
Spam,Maximum Kart'tan kadinlara ozel 5 kat MaxiPuan firsati! 8 Mart Dunya Kadinlar Gununde tum alisverislerinizden 4 kat extra MaxiPuan kazanin.Bilgi:maximum.com.tr,,,,,,
Spam,Canakkale Atasay'da Anneler Günü'ne özel 500 TL ve üstü 14 ayar altin ve pirlantali ürün alisverislerinizde 'Incili Set' hediye! Detaylar 0 286 213 20 97'de.,,,,,,
Spam,Mudo da kisa gunun kari kampanyasi! Secili hazirgiyim sezon urunlerinde gecerli %30 indirim sizi bekliyor. Sadece1 Mart'a ozel bu firsati kacirmayin!,,,,,,
Spam,"MINI SMS Paketi ile her yone 30 SMS icin ayda 12,45TL yerine sadece 3TL odeyin! Bu firsattan faydalanmak icin hemen MINI SMS yazin 2222ye gonderebilirsiniz.",,,,,,
Spam,"TEB Banka Kartiniz konusturuyor! 22 Mart - 26 Nisan arasi TEB banka kartinizla toplamda en az 150TL harcama yapin,gunluk 75 dk konusma kazanin! Bilgi:teb.com.tr",,,,,,
Ham,"Canim,internetten siparis vermeye calistigimiz piranhadan 2 tane var doktorlar teknosada 74.90 tl ye. Biraz burdan biraz media markttan aliriz. Iyi dersler",,,,,,
Spam,Vakifbank Worldcard ile Carrefour da 20TL Worldpuan! 28 Subat a kadar Carrefour magazalarindan toplam 200TL alisverisinize 20TL Worldpuan hediye! vakifkart.com,,,,,,
Ham,ben kodu yazdım atarım netten,,,,,,
Ham,"Sizi arayarak veya mesaj gondererek cesitli hediyeler kazandiginizi bildirenleri aramayiniz, kredi karti veya kisisel bilgilerinizi vermeyiniz www.asayis.pol.tr",,,,,,
Spam,KIGILI KART 4. YASINI AVANTAJLARINI 4'E KATLAYARAK KUTLUYOR. 4 GUN BOYUNCA SIZ KIGILI KART SAHIPLERINE OZEL 4 KAT PUAN! BU BUYUK FIRSAT VE INDIRIMI KACIRMAYIN!,,,,,,
Ham,nasilsin,,,,,,
Ham,bendede kontor yok haci :),,,,,,
Ham,kanka derse kalmak için 5-6 gibi gelirim ben.,,,,,,
Spam,"Migros,5M,Tansasta bu gece 21:30-23:30 arasi Turkcellliye ozel %15 indirim!30TL ve uzeri alisveriste kasada aninda kazan!AVM magazalari,M Migros haric.444 10 44",,,,,,
Ham,Nerde ne zaman?,,,,,,
Ham,Yaaa güvenlgi arayp 31nde yatirabliomuyz bi sorarmsn unuttm bn,,,,,,
Ham,cifo bn eve gccm anhtarm yk ne zmna gelrsn ???,,,,,,
Ham,calıstınmı barı sınavlara,,,,,,
Ham,tamam canım yine haberleşiriz,,,,,,
Spam,"Turkcell 3G VINN modem ve 12GB internet paketi, ilk kez Axess sahibi olanlara hediye! Katilmak icin VINN yaz 3155e gonder! Ayrintilar Axess.com.tr de",,,,,,
Spam,"Darphim'den Guzel Bir Davet! Sizi, 17.12-18.12.2010 tarihlerinde Aksoy Eczanesi'nde gerceklesecek olan bakim gunumuzde gormekten mutluluk duyariz. Iletisim: Aksoy Eczanesi - Istiklal Mah. Sair Fuzuli Cad. No:4 Tasbasi / Eskisehir Tel:0222 231 28 40",,,,,,
Ham,Yum yumm ve yum gunaydn,,,,,,
Spam,Mudo da kisa gunun kari kampanyasi basladi! Secili hazirgiyim urunlerinde gecerli %30 indirim sizi bekliyor. Son gun 2 Mayis!,,,,,,
Spam,BONUS'A OZEL CONTINENTAL'DE +4 TAKSiT FIRSATI.USTELIK 4 ADET BiNEK VEYA 2 ADET KAMYON LASTiGi ALANA ATKI HEDiYE.SON GUN 31 MART.DETAYLI BiLGi:www.bonus.com.tr,,,,,,
Spam,NIKE 2011 YAZ SEZONU INDIRIMI BASLADI. SIZLERI MAGAZALARIMIZA BEKLIYORUZ. www.kamspor.com,,,,,,
Spam,"Degerli Kamu musterimiz,efsane KAMU1200 dondu! Bu paketle herYone 1200dk konusup ayda sadece 40TL odeyeceksiniz.KAMU 1200 yazip 222ye gonderin hemen yararlanin",,,,,,
Spam,"LASTiKLERiNiZi BONUS'LA YENiLEYiN! BRIDGESTONE,CONTINENTAL,GOODYEAR,LASSA,MICHELIN VE PIRELLI'DE BONUS'A OZEL 300TL VE UZERiNE +6 TAKSiT! SON GUN 13 MART!",,,,,,
Spam,Mudo Outletlere once gelen kazaniyor! Mobilya basta olmak uzere sayisiz Mudo concept urunu buyuk indirimlerle kisa bir sure icin Outletlere devir oldu!,,,,,,
Spam,"Babalar gunune ozel tum bornozlarda , anneleriniz icin de saten ve kolay utulenir nevresim takimlarinda %25 indirim firsati tum English Home magazalarinda",,,,,,
Ham,"Sn. Musterimiz, adresinizde size ulasamadigimizdan kargonuz teslim edilememistir. 3 gun icerisinde IKIEYLUL subemizden mesai saatinde alabilirsiniz.002222330316",,,,,,
Spam,SIZE OZEL! 15 Ocak - 28 Subat arasinda alisverislerinizin 150 TL'sini Bankamatik Karti'nizla yapin 15 TL MaxiPuan kazanin! Bilgi: 4440202,,,,,,
Ham,Abi gunaydin.kac gbi gecioz okula?,,,,,,
Ham,Bu akşam leventlerde buluşucaz istatistik çalısıcaz haberin olsun gelmek istersen buyur gel,,,,,,
Spam,SMS 30 paketi ile her yone 30 SMS icin 12TL yerine sadece 3TL odeyin! Bu firsattan faydalanmak icin hemen SMS 30 yazin 2222ye gonderin.,,,,,,
Spam,gnctrkcllliye SONY PSP 3004te cilgin fiyat basladi!sadece 349TL hem de yaninda 1 oyun hediye!bu firsati kacirip uzulme.sen sectin gnctrkcll yapti.gnctrkcll.com,,,,,,
Ham,ben su an yoldayim,,,,,,
Ham,selam. ya kusura bakma :( kuzenime göndereceğim smsi sana göndermişim. onun adı ile seninki aynı da karıştırmışım. gerçekten özür dilerim..,,,,,,
Ham,merhaba,,,,,,
Spam,Kendisini kamu gorevlisi olarak tanitan ve turlu bahanelerle KONTOR/TL ve KARTSIZ HAVALE yapmanizi isteyenlere itibar etmeyiniz. POLIS www.asayis.pol.tr,,,,,,
Ham,beraber gidelim o zaman sensiz tadı çıkmaz.,,,,,,
Ham,Iyiyi bende canim  pek görüsemiyoruz senle yaaaa nette falanda tatilin tadini sen Çikariyorsun selam söyle annanenlere,,,,,,
Spam,"Bu fatura doneminde internet kullaniminiz 1 MB a ulasmistir. AY yazip 2260 a gonderin, ayda 10 TL ye internette 20 kata varan fiyat avantajindan faydalanin",,,,,,
Spam,"Çanakkale Atasay'da %25'e varan Altinci Gün indirim firsatlari,Dünya Kadinlar Günü'ne özel 5-8 Mart tarihleri arasinda uygulanacaktir. Detaylar 0286 213 20 97",,,,,,
Ham,Bu ne diyo memo?yarin anlat bana:),,,,,,
Ham,Vakifbank WebSubem girisi icin tek kullanimlik sifreniz: 160038 . Sifreniz 3 dk gecerlidir. Tarih: 14.02.2011 Saat: 13:53,,,,,,
Ham,Tamam canım akşamüstü buluşuruz heralde,,,,,,
Ham,ben ders calisiyorum siz takilin,,,,,,
Spam,"Benetton,012 ve Sisley'de her 100 TL.'lik aliverisinize 20 TL.Hediye Ceki kazanin!",,,,,,
Ham,Haci  sizde türkçe calculus var mıydı?,,,,,,
Spam,"KATLA YAZIP 1616'YA GONDERIN TL'NIZI KATLAYIN! 5TL'NIZ ILK KATILIMDA 50TL,2.DE 100TL,3.DE 150TL,4.DE 200TL OLSUN,1 HAFTA BOYUNCA TARIFENIZDEN SEBEKEICI KONUSUN",,,,,,
Spam,"Etiketin Yarisi Indirimi Baslamadan Once, Urunlerimizi Oncelikli Satin Almak Icin, Siz Ozel Musterilerimizi Bugun ve Yarin Magazalarimiza Bekliyoruz.",,,,,,
Ham,nasilsin,,,,,,
Ham,sn söle ona yanindysa..Bence bölesi daha hayirli oldu .Iyi gecelr sizede slm söle,,,,,,
Spam,Mudo'da Anneler icin sayisiz hediye alternatifleri cok ozel indirimler ve surprizlerle sizi bekliyor,,,,,,
Spam,"FATURASIZDA HERSEY DAHIL PAKET ILK DEFA TURKCELLDE!HER YONE 200 DK,100 SMS,100MB internet AYDA sadece 20TL!Numaranizi tasimak icin Turkcell noktalarina bekliyoruz",,,,,,
Spam,"Yatas'ta dilediginiz urunu CardFinans ile simdi alin, ekimde odemeye baslayin. Ustelik 12 taksitle. Firsati kacirmayin",,,,,,
Spam,"Gnctrkcll'li,bugun facebook'a girer girmez Gnctrkcll sayfasina ugra, olusturdugumuz genclik kulesine sen de katil, yuzlerce SMS ve cepten internet hediyeni al!",,,,,,
Spam,"CardFinans'tan tek telefonla Aninda Kredi! Formalitesiz, kefilsiz 1000 TL kredi alin, 70 TL taksitle 18 ayda kolayca odeyin. Bilgi icin 4440900'u arayin.",,,,,,
Spam,"FIRSAT yazin 2222'e ucretsiz gonderin, hem gunluk 30 dk konusma kazanin hem de Turkcell CepteFirsat ile markalarin FIRSATLARINI ilk siz ogrenin!",,,,,,
Spam,"VakifBank Worldcard tan 50 TL Worldpuan! 31 Mayisa kadar World isyerlerinden 5 adet 100 TL islem yap, YIRMI yaz, kartin son 6 hanesini SMS ile 6635 e gonder!",,,,,,
Ham,Akşam ne yiyoruz ?,,,,,,
Spam,Yeni BlackBerry BOLD 9780 simdi Aveada! Ayda sadece 70 TL odeyerek sinirsiz internet servisi ile BlackBerry Bold 9780e sahip olun. Bilgi icin www.avea.com.tr,,,,,,
Ham,cnm nbr?nası gidio??sınavların ne zmn??,,,,,,
Spam,"TURKCELLlilere SHELLde 10 TLlik yakit 600 yerine 400 Smart puan!TURKCELLliler Shellde her zaman avantajli!Daha fazla kazanin,avantajli harcayin!Bilgi 4442020",,,,,,
Spam,Vergi borclarinizi CardFinans'inizla 30 Haziran'a kadar www.gib.gov.tr'den ya da Finansbank Subelerinden 18 aya kadar taksitle odeyebilirsiniz:cardfinans.com.tr,,,,,,
Spam,"HABER yaz 5203'e UCRETSIZ gonder, gunun haberleri ve son dakika gelismeleri UCRETSIZ cebine gelsin! MH: 05327555445",,,,,,
Spam,"Vodafone'dan 1.000 dakika HEDIYE! 3G yazip 3636'ya ucretsiz gonderin, Vodafone'lularla 1 gun boyunca doyasiya konusun. 3G'ye abone olan kazaniyor!",,,,,,
Spam,Yeni yilda da ihtiyaclariniz icin Garanti Tam Destek yaninizda! Dusuk taksitli ya da dosya masrafsiz kredi firsatlarini kacirmayin. Basvurmak icin: 02124440335,,,,,,
Ham,ahmad napion beraber network calisalim mi ?,,,,,,
Spam,gnctrkclli," Hemen GNCTEKLIF.COMa UCRETSIZ uye ol. Eglence, hobi, alisverisistedigin her sey butcene uygun fiyata sadece gncteklif.comda. Firsatlari kacirma",,,,,
Ham,"Ne kadar nazik havaymis,yağmak için eve varmamızı bekledi,diye mesaj atacaktımki eve arkadasım sırılsıklam geldi :DD",,,,,,
Ham,Hadi nerdesiniz hala?,,,,,,
Spam,"CEP-T PARACARD!HARCADIKCA BONUS, KONUSTUKCA DAKiKA KAZANDIRAN TEK KART.USTELiK iLK YUKLEMEDE 200 DK HEDiYE!TUM TURKCELL iLETiSiM MERKEZLERiNDE.PARACARD.COM.TR",,,,,,
Ham,esbayda maç var 8-9,,,,,,
Ham,tatlım işim var o saatte tam,,,,,,
Spam,"1000TL'ye kadar BEDAVA Kredi Firsati! CardFinans'tan ucretsiz Otomatik Fatura Odeme talimati verin, kredi seceneklerimizden hemen yararlanin. Bilgi icin 4440900",,,,,,
Spam,Beklenen Sabri Ozel indirimi basladi! Kis sezonu urunlerinde %70'e varan indirim.Keyifli alisverisler.,,,,,,
Ham,gunaydin,,,,,,
Ham,Doğum günün kutlu olsun cnm :) nice güzel senelere :),,,,,,
Ham,"Denizle Esparka gitcez kanka, Melise tişört falan alcam.",,,,,,
Ham,Hadi ya tmm :S,,,,,,
Ham,Son bi soru daha:) neden zip olarak upload edin rar etmeyin demiş hoca?,,,,,,
Ham,yok kanka canını yirim niye atıyosun? sistem nasıl oldu?,,,,,,
Ham,audi ye binmeyi ne kadar sevdiğini biliyorum zaten :),,,,,,
Ham,eskişehir eğitim dernekleri verdi. arkadaşımın biri adımı yazmışti. beraber konferansa katıldık. ve aldık,,,,,,
Spam,VODAFONE'DAN HEDIYE 200 dakika!25 Mart'a kadar bir seferde yapacaginiz ilk 10 TL veya uzeri yuklemenizde 15 GUN GECERLI YURTICI HERYONE 200 DK kazanin.,,,,,,
Spam,"1000TL'ye kadar BEDAVA Kredi Firsati! CardFinans'tan ucretsiz Otomatik Fatura Odeme talimati verin, kredi seceneklerimizden hemen yararlanin. Bilgi icin 4440900",,,,,,
Spam,"Turkcell CalarkenDinlet ten 1 GUN SINIRSIZ KONUSMA UCRETSIZ! Hemen KAMU yaz, mesaji yanitla, Ibrahim Tatlises, Tarkan ve tum sanatcilarin sarkilarini seni arayanlara 3 ay boyunca 3 TL yerine ayda 50 KRS a dinlet! Ustelik tum sarkilar ucretsiz ve 1 gunluk konusma hediye!",,,,,,
Ham,ii geceler,,,,,,
Spam,"Faturali 15'lik Tarife ile ayda sadece 15 TL ye her one 150dk, her yone 150SMS! Ustelik tarifeye gelen herkesle konusmak da bedava. Avea bayilerine bekliyoruz.",,,,,,
Spam,"30 TL ekstra MaxiPuan firsati icin son 15 gun! 1-31 Mart tarihleri arasi Maximum Kart'inizla toplam 1500 TL alisveris yapin,kazanin.Ek kosullar ve bilgi:4440202",,,,,,
Ham,ben faruktayım sende tarih notları var diye bakmadım hiç,,,,,,
Ham,çalıştın mı ya sınavlara,,,,,,
Ham,"Sizi arayan numaralar: ""05351234567"" ( 03.06,13:18 )( 3 ) Bu mesaj ucretsizdir.",,,,,,
Ham,geliyorum ekmek alim mi,,,,,,
Spam,"11-20Haziranda MaximumKartla akaryakitdisi 100TLharcanan 5 gun 5,6.gun sonrasi 10ar TLMaxiPuan!Kayit icin""KAMPANYA bosluk kart son6 hanesi""4402ye iletin.4440202",,,,,,
Spam,"Banka Kartiniz konusturuyor! 22 Mart - 26 Nisan arasi Banka kartindan toplamda 150 TL harcama yapin, gunluk 75 dk konusma kazanin! Bilgi icin: teb.com.tr",,,,,,
Spam,"Heryone 30SMS! 10,5TL yerine paket alarak sadece 3TL odeyip cok daha avantajli fiyata mesajlasabilirsiniz!SMS 30 yazin 2222ye gonderin.",,,,,,
Ham,hani nerdesin,,,,,,
Ham,hic mesj fln atmıyosunn ..,,,,,,
Ham,yok be gerçekten bilmiyorum ....hala sinavin etkisindeyim :S,,,,,,
Ham,iyimiisin,,,,,,
Spam,"Sayin GUNAL,8kg ve ustu tum Camasir Makinelerimiz size ozel 500TL.lik buyuk indirimle.Sadece 7 gun boyunca Arcelik bayilerimizde.",,,,,,
Ham,cnm napiyosun.işiniz yoksa aşkama dışarı çıkalımmı biraz,,,,,,
Ham,sen nerdesin,,,,,,
Spam,"1000 TL AVANS BONUS! 31 MAYIS'A KADAR AVANS YAZIP BONUS CARD'INIZIN SON 6 HANESiNi3340'A GONDERiN, TEMMUZ'DAN iTiBAREN 4 TAKSiTTE ODEYiN! BONUS.COM.TR",,,,,,
Ham,Knka evdemisin?,,,,,,
Ham,Damla napion??? ya çarşıda işim varda bi yarım saat evdeysen laptopu sana bırakayım dedim,,,,,,
Ham,Kantindeyim,,,,,,
Spam,"SONY Play Station 3 Move kazanma firsati Garanti Facebook sayfasinda,sol tarafta Hafta Sonu sekmesinde sizi bekliyor.",,,,,,
Spam,"100 MB internet paketi simdi %50 INDIRIMLI! 3 ay boyunca ayda 5 TLye internete baglanmak icin 3 AY yazip 2222ye gonderin, internetin keyfini doya doya yasayin",,,,,,
Ham,Kanka ben babamın yanına geçiyorum haberin olsun,,,,,,
Spam,"CalarkenDinletten SUPER BAHAR KAMPANYASI! DINLET YAZ, 8060 a gonder, 30 dk gunluk konusma kazan! Hem sevdiklerine konus,hem de en guzel sarkilari calarkendinlet",,,,,,
Spam,"YASASIN KAMU kulubune uyelik UCRETSIZ.Hemen  KAMU yazip 222ye UCRETSIZ gonderin,SABRI OZELde %30 indirimi kacirmayin. www.turkcell.com.tr",,,,,,
Spam,CardFinans ile Bimeks'te pesin fiyatina 12 taksit ve 3 ay erteleme firsatini kacirmayin.,,,,,,
Spam,"TEB Banka Kartiniz konusturuyor! 22Mart - 26Nisan arasi TEB Banka kartindan toplam en az 150TL harcama yapin,gunluk 75 dk konusma kazanin! Bilgi icin:teb.com.tr",,,,,,
Ham,Guray bna gondrmssn:) yapma bi daha bole hatalar:p,,,,,,
Spam,"Internet paketi simdi %50 daha ucuz! 3 ay boyunca ayda sadece 5 TLye internete baglanmak icin 3 AY yazip 2222ye gonderin, internetin keyfini doya doya cikarin",,,,,,
Spam,"1-30 Nisan arasi Maximum Kart'inizla toplam 1000TL alisveris yapin, PUAN yazip kartinizin son 6 hanesi ile 4402ye gonderin,40TL ekstra MaxiPuan kazanin.4440202",,,,,,
Spam,"FIRSAT yazin 2222'e ucretsiz gonderin, hem gunluk 30 dk konusma kazanin hem de Turkcell CepteFirsat ile markalarin FIRSATLARINI ilk siz ogrenin!",,,,,,
Ham,sus kiz gezdin gezdin askimmis..,,,,,,
Ham,Tamam kanka arabaylamı gelcen? Ona göre Emrula haber vercem.,,,,,,
Ham,ustadim onu ben de cozemedim ama 10 gune geliyom hallderiz bi sekil.,,,,,,
Spam,Hediyenin babasi Sarar'dan alinir!Parolu kartinizla Sarar'dan yapacaginiz her 100 TL ve uzeri Babalar Gunu alisverisinize 50 TL degerinde Paropuan hediye!,,,,,,
Spam,"gnctrkcll'li,Anneler Gunu geliyor. CicekSepeti icin 20 TL'lik hediye ceki simdi 2 TL! CSEPETI1 yaz 8073'e sms gonder,satin al. SMS ucreti 50krs. GNCTEKLIF.COM",,,,,,
Ham,Ne zaman geliyosun gelirken ekmek almayı unutma.,,,,,,
Spam,"KIGILI'dan son sans CardFinans'a ozel 7 taksitle! Gomlek,pantalon ve triko 39TL, mont-kaban 99TL, takim elb. 199TL!Inanilmaz fiyatlar ekstra hediye cekleriyle!",,,,,,
Ham,"Sayin musterimiz 08.07.2011 son odeme tarihli faturaniz 35,0TLdir.Detayli bilgi icin 7578888i ucretsiz arayiniz.Bir sonraki fatura kesim tarihi 25.07.2011dir",,,,,,
Spam,Sabri Ozel'de size ozel fiyat avantajlari devam ediyor.Sezon urunlerinde %50 indirim firsatini kacirmayin,,,,,,
Ham,nerdesin,,,,,,
Ham,Kanka gece 1-2 ekolde maç var ne dion :?Senin için 6 dan sonraya aldim maci :),,,,,,
Spam,"McDonaldsta gnctrkcll kampanya menulerinden birini alan gnctrkcllliye 2. HEDIYE! gnctrkcllli,tek yapman gereken cep tel. numarani kullanmak! gnctrkcll.com",,,,,,
Spam,"En Baba Hediye +5 Taksitle! AsyaCard ile giyim, ayakkabi, aksesuar, saat ve kozmetik alisverislerinizde Babalar Gunune ozel firsati kacirmayin!Son gun19 Haziran",,,,,,
Spam,SMS 30 paketi ile her yone 30 SMS icin 12TL yerine sadece 3TL odeyin! Bu firsattan faydalanmak icin hemen SMS 30 yazin 2222ye gonderin.,,,,,,
Spam,"EGITIMDE FIRSAT ESITLIGINE KIGILI'DAN DESTEK!DARUSSAFAKA CEMIYETINE, 10 OCAKA KADAR KIGILI KART ILE 1000TL ALISVERISTE 20TL ADINIZA BAGIS SERTIFIKASI ILE HEDIYE",,,,,,
Ham,"Kavurmalar,Tatlılar olsun,sekerli kahveler olsun..Bulusmalr olsun ben olmasib biz olsun! En onemlisi sevgi olsun,ask olsun?Bayramınız kutlu olsun :)",,,,,,
Spam,"VakifBank Milplus tan yurticine 99, Avrupa ya 169, Amerika ya 399 TL worldpuan ile gidis donus ucak bileti firsati!Son tarih 31 Temmuz. Rezervasyon icin 4440724",,,,,,
Spam,"gnctrkcllli,Durumcu Bekir Ustada 1Adana durum+1ayran+3cig kofte+4cesit salata sadece 6TL!BKR yaz 8073e gonder, smsle satin al.SMS ucreti 50krs. GNCTEKLIF.COM",,,,,,
Ham,VakifBank WebSubem girisi icin tek kullanimlik sifreniz: 573003 . Sifreniz 3 dk gecerlidir. Tarih: 28.05.2011 Saat: 20:11,,,,,,
Ham,İstersen sonra gidersin olmaz mı,,,,,,
Ham,almanca.,,,,,,
Spam,Vestel'de CardFinans'a ozel 1200 TL ve uzeri alisverisinize Vestel kahvalti seti hediye! Ustelik 2-4 taksit arasinda +8 taksit firsatiyla. www.cardfinans.com.tr,,,,,,
Ham,10 dk ya ordayım,,,,,,
Spam,Kayitsiz sartsiz musteri memnuniyeti icin Vodafone Tuketici Haklari Bildirgesi'ni gururla sunariz. Cunku Vodafone herkesin hakki. Bilgi icin vodafone.com.tr,,,,,,
Ham,1. ve 2. soru tamam gibi 3. soruda sıkıntı var tatlım ya,,,,,,
Spam,gnctrkcllli," Hemen GNCTEKLIF.COMa UCRETSIZ uye ol. Eglence, hobi,alisveris istedigin her sey butcene uygun fiyata sadece gncteklif.comda. Firsatlari kacirma",,,,,
Spam,Mudo'ya once gelen kazaniyor! Sayisiz Hazir giyim urunu buyuk indirimlerle Outlrtlere devir oldu.Ustelik ilk 3 gun Exclusive Carda tek odemede extra %10 indirim,,,,,,
Spam,1-2 NISAN TARIHLERINDE,DERMALOGICA CILT BAKIMINA DAVETLISINIZ.RANDEVU ALINIZ TEL:2312840,,,,,
Ham,ben cıkıyorum evden,,,,,,
Spam,"En Baba Hediye +5 Taksitle! AsyaCard ile giyim, ayakkabi, aksesuar, saat ve kozmetik alisverislerinizde Babalar Gunune ozel firsati kacirmayin!Son gun19 Haziran",,,,,,
Spam,Tebrikler! UCRETSIZ DIJITAL FOTOGRAF MAKINESI KAZANDINIZ.Hemen 7551880 i arayin UCRETSIZ HEDIYENIZI ve tasarruf cihazinizi almayi unutmayin.Numaramiz 7551880,,,,,,
Ham,merhaba napiyon,,,,,,
Ham,Aptal miyim neyim ben sikildim kendimden diyorum o zaman,,,,,,
Ham,ben yatiyorum hadi,,,,,,
Ham,Çarşıdayım sen nerdesin?,,,,,,
Ham,hacı yarın sizdeyim yemekte ona göre,,,,,,
Spam,"gnctrkcllli, Meshur Konyali Kardesler' de 2 adet etli ekmek, 2 sise kola,2 adet salata 16 TL yerine gncTEKLİF ile 8TL! GNCTEKLIF.COM'a gir,satin al!",,,,,,
Spam,BUYUK SEZON İNDİRİMİ % 50 İNDİRİM BUGUN BASLADI...TUZUN,,,,,,
Ham,sende kendine iyi bak Allah'a emanet ol. Görüşmek dileğiyle...,,,,,,
Ham,Neyse Emo gelmiyor Orçunda cevap atmadı. Akşam haberleşiriz yine gelirsin sen :) .,,,,,,
Ham,Sistemle ilgili planiniz ne haber bekliyorum senden saat fark etmez gorunce cevap at.,,,,,,
Spam,"Tarife paketinizdeki dakikalarin bitiminde sadece 5TLye fatura kesim tarihinize kadar heryone 100dk daha konusabilir, paket asimindan ucretlenmek yerine faturanizi kontrol altinda tutabilirsiniz. NARPAKET yazin 2222ye gonderin.",,,,,,
Spam,VakifBank Worldcardla 31 Temmuz a kadar Shell de yapacaginiz 4 adet 100TL ve uzeri alisveris size 1-10 Agustos arasi Shell de 40TL indirim kazandiriyor!,,,,,,
Ham,ama o bakışı bana yaparsan o göz hep öle kalır sölim :D,,,,,,
Ham,Gtmedik yvrum onun yerine yemek yiyip konsere gittik:)sen napiyosun bakalim?,,,,,,
Ham,Ahmet de gelecek mi?,,,,,,
Ham,Yuppi o zaman bide bana şans dile kelebeğim ya kimyadan sınavım var,,,,,,
Ham,kardesim mac aksam ustu 6 da baslariz...,,,,,,
Ham,Napion kiz ak$am sen de musait msn ahmad pilava cagryo,,,,,,
Ham,Aramisin kuzum:),,,,,,
Ham,Olr olr frktmez o sekilde yaplim,,,,,,
Spam,"TUM BANKACILIK ISLEMLERINIZI, EVINIZDEN VEYA OFISINIZDEN GARANTI INTERNET SUBESI'NI KULLANARAK HIZLI VE KOLAYCA GERCEKLESTIREBILIRSINIZ.",,,,,,
Spam,"Numaranizi Avea'ya tasiyin, Farki Faturanizda Gorun! HerYone 2000 Dk,HerYone 2000 SMS,2GB Cepten Internet sadece 59 TL! Sizi hemen bir Avea bayisine bekliyoruz.",,,,,,
Spam,"Vakifbank Worldcardla 1 Subat-14 Mart arasinda Shell de yapacaginiz 4 adet 100TL ve uzeri alisveris, 15-25 Mart arasi Shell de 40 TL indirim kazandiriyor!",,,,,,
Spam,"Ayda 29TLye AveaKamulularla SINIRSIZ, Avealilarla 3000dk, heryone 300dk konusabileceginiz KAMU300 PLUS Tarifesine gecmek icin 300PLUS yazip 2010a gonderin.",,,,,,
Ham,Bir dakika canım,,,,,,
Spam,25 Haziran'a kadar Club Smart Card'inla en az 100 TL'lik Shell yakiti al 5 TL degerinde puan alim yaptigin karta yuklensin. 4442020,,,,,,
Ham,işletim sisteminin bozulması biraz saçma deil mi sonuçta sadece açıp temizlediler,,,,,,
Ham,esbayda maç var 8-9,,,,,,
Spam,BUYUK FIRSAT! GERCEGININ AYNISI BP ISTASYON MAKETINI BP CLUB KARTINIZDAKI MEVCUT PUANLARLA SADECE 149 PUANA ANINDA ALABILIRSINIZ. SON GUN 28 SUBAT. BP,,,,,,
Spam,"Divarese markali urunlerde her 200 TL'ye 50 TL hediye ceki! Ustelik CardFinans'a ozel %10 ParaPuan, +4 Taksit ve dilerseniz 2 ay erteleme firsati!",,,,,,
Ham,"Tanimadiginiz numaralardan gelen ""Odul kazandiniz, TL yukleyin"" gibi smsleri dolandiricilik magduru olmamak icin dikkate almayiniz.",,,,,,
Ham,Bi decoder sorusu vardi onla ilgili bisey soracaktim,,,,,,
Ham,cnm eve çabuk gel bak ziyafeti kaçırırsın beyzanın ablası çifköfte yapıyoooo:)),,,,,,
Spam,"2 Mayis-2 Haziran tarihleri arasinda WebSubeme giris yapan herkese 1 aylik Tivibu Web Baslangic Paketi hediye! Detay vakifbank.com.tr, 444 0 724 AloSubem",,,,,,
Ham,tmm buluşma iptal.,,,,,,
Spam,Her ay faturaniz cikmadigi icin faturalariniz ciktiginda basili fatura yerine e-fatura servisimizi kullanarak faturalarinizi e-posta adresinizden rahatca takip edebilirsiniz. E-faturali olmak icin e-posta adresinizi 8102ye gonderin,,,,,,
Spam,"KAMPANYA yazip kartinizin son 6 hanesini 4402'ye gonderin, 1-31 Mayis arasi Maximum Kart'inizla toplam 750TL alisverisinize 30TL ekstra MaxiPuan kazanin.4440202",,,,,,
Spam,"gnctrkcll'li,MAVI'de 125 TL ve uzeri alisveriste %20 INDIRIM. Yeni sezon urunlerde gecerli sana ozel bu firsati kacirma!Sen sectin,gnctrkcll yapti!gnctrkcll.com",,,,,,
Ham,Haha anlastik :d,,,,,,
Ham,tmm cnm sende kendine ii bak grsrz..,,,,,,
Spam,"Money Mobile ile Turkcellliler 50 TL alisverise 50TL/125dk konusma kazaniyor!MONEY(bosluk)16 hane Money Club kartini 2830a yolla,uye ol. www.moneymobileclub.com",,,,,,
Ham,kanka java dersi nereye kadar islenmis,,,,,,
Ham,ok sen de al gel onları,,,,,,
Spam,"Aveada internet ayda sadece 9 TL! Jet model ile kontrat yok,paket asim karkusu yok! 1 GBi asinca 29 TLlik 4GB paketine otomatik gecis var!Haydi Avea bayilerine!",,,,,,
Ham,ben mert bak bu da benim yeni numaram dayanamadim digernin de kont btmsti de aldm smdi acldi artk bundaym tamam mi. gorusuruz.,,,,,,
Spam,"Telefonun ayarlari tek komutla cebinde. Telefonundan *999# i ara, telefonunun destekledigi tum servis ayarlari cebine gelsin! Ustelik sadece 0,79TL.",,,,,,
Ham,odevi ne yaptin dayi,,,,,,
Ham,4-5 arasi halisaya aldik gelcekmsn,,,,,,
Spam,"CardFinans'tan 100 TL ve uzeri 3 akaryakit alisverisine 20 TL, 5 akaryakit alisverisine 50 TL degerinde ParaPuan hediye. Detaylar icin www.cardfinans.com.tr",,,,,,
Spam,"Tek telefonla Aninda Kredi! CardFinans'inizdan formalitesiz, kefilsiz 1000 TL kredi alin, 69 TL taksitle, 18 ayda kolayca odeyin. Bilgi icin 4440900'u arayin.",,,,,,
Ham,cabuk gel kahvalti yapalim,,,,,,
Ham,"Abi şimdi kargoya geldik, paketin ağırlığı fazlaymış, transkriptleri yollamıycaz cuma orda olurmuş belgeler",,,,,,
Ham,Finansbank Internet Bankaciligi    isleminizi gerceklestirmeniz icin Yuksek Guvenlik Sifreniz: 047939,,,,,,
Spam,"KIGILI DA BEKLENEN BUYUK INDIRIM BUGUN BASLADI! THSIRT 29TL, PANT 39TL, GOMLEK 39TL, MONT 99TL, TKM ELB 199 TL URUNLER TUKENMEDEN GERCEK FIRSATI YAKALAYIN!",,,,,,
Spam,"29 TL'ye HerYone tam 1000dk konusun! Hemen AVEA bayilerimize gelip numaranizla Super Kamu Tarifesi'ne gecin, bu firsati kacirmayin!",,,,,,
Ham,Kanka bana gencturkcell lazim var mi sende ?,,,,,,
Ham,Kanka Sıla ben Deniz biraz dışarı çıkacaz sokak festivaline falan değil ama ihtiyaçlarımızı falan alcaz.,,,,,,
Spam,Internet Subesi musterilerine ozel %20 indirim beymen.com'da! Internet Subesi'ne giris yapip garanti.com.tr'deki formu doldurarak promosyon kodunuzu aninda alin,,,,,,
Spam,"KIGILI'DAN SON SANS! GOMLEK, PANTOLON VE TRIKO 39 TL, MONT-KABAN 99 TL, TAKIM ELB 179 TL! INANILMAZ FIYATLARA EKSTRA HER 250 TL'LIK ALISVERISE 50 TL HEDIYE CEKI!",,,,,,
Spam,Sayin SEMIH ERGIN SONY Internet TV cekilisinde bir hak daha kazanmak icin www.facebook.com/garanti 'deki Internet TV sekmesinde kodunuzu girin!,,,,,,
Ham,seni geldim bulamadim,,,,,,
Ham,Tamam o zaman öle yapalm cnkü hafta sonu bzm kulübn etknligine ktlablrm.,,,,,,
Spam,"Tek telefonla Aninda Kredi! CardFinans'inizdan formalitesiz, kefilsiz 1000 TL kredi alin, 69 TL taksitle, 18 ayda kolayca odeyin. Bilgi icin 4440900'u arayin.",,,,,,
Ham,bugün 08:00-20:00 saatleri arasında vodafon yönünde limitsiz konuşma hattınıza yuklendi.cola turka&çamlıca portakalı şişelerinde hergün limitsiz konuşma var.,,,,,,
Spam,AsyaCard ile anlasmali uye isyerlerinden yapacaginiz elektronik harcamalariniza +6 Taksit firsati sizi bekliyor! Son Gun 30 Haziran. Bilgi www.asyacard.com.tr,,,,,,
Ham,Odanda msn beybm:p,,,,,,
Spam,Numarasini Turkcell faturaliya tasiyana SADECE 29TLye heryone 600dk konusma ve 33 milyon Turkcelliyle haftada 2 Gun BEDAVA!Sizi Turkcell noktalarina bekliyoruz,,,,,,
Ham,"Zafer ""Zafer Benimdir diyebilenindir. Basari ise ""Basaracagim"" diye baslayarak sonunda ""Basardim"" diyebilenindir. 30 Aqustos Zafer Bayraminiz Kutlu olsun.",,,,,,
Ham,Cnm ben yetisemedim sunuma:-(bitince beni ara olurmu merak ederm,,,,,,
Ham,onu fakkettimde bzim okuldanmı verdiler bizde mezun olduk :))))esed yazıyo ya onçün didim:),,,,,,
Spam,"Sevdigin sanatcilarin muzik marketlerde 15TL degerindeki albumleri gncplay.com da SADECE 4TL! Ustelik MP3 formatinda! www.gncplay.com a gel, bu firsati kacirma!",,,,,,
Spam,"Son odeme tarihinizi kacirmayin! FATURA yazip 2222ye gonderin, fatura tutariniz, son odeme tarihiniz cebinize anında sadece 90 kurusa gelsin!",,,,,,
Spam,BABA Tarifeyle dilediginizce konusup rahat rahat mesajlasabilirsiniz! Ayda 55TL'ye yurtici heryone 1.000 dk ve 1.000 SMS icin hemen BABA yazip 6363'e gonderin.,,,,,,
Spam,Pepsi kapaklarinda hem gunluk 60 dakika konusma hem de cepten 100 MB internet hediye. Sifreler 5757'ye. Ustelik kampanyaya raflardaki tum Pepsiler de dahil!,,,,,,
Ham,Samet beni bi arar mısın,,,,,,
Spam,"5TL verip 50TL almaya ne dersiniz! Hemen KATLA yazip 1616'ya gonderin 5 TLniz katlansin 50 TL olsun, 1 hafta boyunca Vodafonelularla kendi tarifenizden konusun.",,,,,,
Ham,Yatıyorum ben iyi geceler yarın okulda görüşmek üzere,,,,,,
Spam,"gnctrkcll'li, 222 Park One Night Club'da 1 adet icki dahil giris biletin 15 TL yerine 7,5 TL! Hemen GNCTEKLIF.COM'a gir, satin al! Firsati kacirma",,,,,,
Spam,"Divarese markali urun alisverislerinizde, 1.urune %20, ayni faturadaki 2.urune %30 indirim. Ustelik ClubFinans'a +%15 ParaPuan ve +4 Taksit Firsati ile!",,,,,,
Ham,"Aqlamak Cok Güzel, Gözyasini Silen varsa.Gülmek cok qüzel, Seninle qülen varsa.Yasamak cok Güzel Umudun varsa. Ama uyumak hepsinden qüzel kus tüyü yastigin varsa=) iyi geceler Allah rahatlik wersin kuzum..",,,,,,
Spam,"Arayip ulasamadigin * numarasina hemen tikla sadece 1TLye sesli mesaj birak!11 Marta dek 1 sesli mesaj birak, 300 UCRETSIZ sesli mesaj hakki kazan!",,,,,,
Spam,"Internet paketi simdi %50 daha ucuz! 3 ay boyunca ayda sadece 5 TLye internete baglanmak icin 3 AY yazip 222ye gonderin, internetin keyfini doya doya cikarin",,,,,,
Spam,MOTHERCARE'de % 50'ye varan yaz sezonu indirimi basladi. Tel:02166517380,,,,,,
Ham,ben gelemem ya,,,,,,
Ham,"Cintirim biliyorum seninde islerin var ama eve gittiginde bi bakabilirsen cok sevinirim. Kullanici adi ve sifre database olusturuyosun, sonra programda sorgulatip dogruysa programa gir, yanlissa 3 kez deneme hakkin var, sonra programdan cik.",,,,,,
Spam,"Garanti Tam Destek'ten odemesi kolay, dilerseniz dosya masrafsiz destek kredileri. Diger kampanyalarla karsilastirin, farki gorun, hemen basvurun! 02124440335",,,,,,
Ham,Spora ne zaman gitcez?,,,,,,
Spam,"Shell'de Turkcelli'ler ekstra kazaniyor!Hemn Turkcell'li ol, hem Turkcell'in avantajli tekliflerinden faydalan,hem de avantajli yakit al.Ayrintili bilgi 4442020",,,,,,
Ham,Otobüse bindim,,,,,,
Ham,Dediğin gibi de yaptım,,,,,,
Spam,"1000TL'ye kadar BEDAVA Kredi Firsati! CardFinans'tan ucretsiz Otomatik Fatura Odeme talimati verin, kredi seceneklerimizden hemen yararlanin. Bilgi icin 4440900",,,,,,
Ham,hic haberim yok benim,,,,,,
Spam,"Vogue Dergisinin Sizin İcin Sectigi, Yeni Sezon Urunlerde Extra Indirim Icin, Magazalarimiza Bekliyoruz. www.roman.com.tr",,,,,,
Ham,ahmad ne yapiyorsn database odevi ne zamana,,,,,,
Ham,"valla benim de final haftası geldi, gidip geliyorum.  Allah yardımcın olsun.",,,,,,
Ham,"**5992 nolu Kredi Karti Ekstre Borcunuz 1,549.00 TL Asgari Odeme Tutari 310.00 TL ve Son Odeme Tarihi 07.03.2011 dir.",,,,,,
Ham,zilde ne yaziyor,,,,,,
Spam,"Baki Dalyanci magazalarinda indirim gunleri basladi ,moda ic giyim ve corapta %70 e varan indidim.Kampanya stoklarla sinirlidir.Baki Dalyanci icgiyim.",,,,,,
Ham,Dersteyim abi. Hayırdır.,,,,,,
Spam,"KFC'ed her 20 TL'e 4 TL, Pizza Hut'da her 15TL'ye 3TL Paropuan hediye.Puanlarinizi 31.01.2011'e kadar KFC ve Pizza Hut restoranlarinda kullanabilirsiniz.",,,,,,
Spam,Siz Turkcell Kamululara ozel!2ay boyunca HERyone ucretsiz 1000smsnizden hemen yararlanmak icin BEDAVA SMS yazip 2222ye gonderin,,,,,,
Ham,"gamigami ben hazırım,sende hazırsan cıkalım bi an önce yoksa geç kalacaz...",,,,,,
Ham,Kanka oryantasyon sinema anadoludaymış.,,,,,,
Spam,Siz Turkcell Kamululara ozel!2ay boyunca HEryone ucretsiz 1000smsnizden hemen yararlanmak icin BEDAVA SMS yazip 222ye gonderin,,,,,,
Spam,"gnctrkcllli,Durumcu Bekir Ustada 1Adana durum+1 ayran+3cigkofte+4cesit salata sadece 6 TL! BKR yaz 8073e gonder, smsle satin al.SMS ucreti 50krs. GNCTEKLIF.COM",,,,,,
Ham,Canım iyiyim uyukluyodum işte sen napıyosun?,,,,,,
Ham,Napıosun kardeşim haftaya ankaraya gelicem,,,,,,
Ham,naptın sınav nasıl geçtı,,,,,,
Spam,"Adalet Bakanligi, mahkeme kararlari ve diger adli islemleriniz SMSle cebinizde! TCKimlikNo bosluk ABONE yaz 4060a gonder, UYAP SMSe uye ol. Gelen her mesaj 1TL",,,,,,
Ham,benim bir isim cikti,,,,,,
Spam,BOYNER magazasinda BOURJOIS markasinda 18-19-20 Mart tarihlerinde 3 AL 2 ODE kampanyasi baslamistir. Sizleri standimiza bekliyoruz. Bourjois uzmani Filiz Abay,,,,,,
Ham,iyi peki,,,,,,
Ham,İstatistik sınavında en son hangi konu çıkıcak biliyormusun?,,,,,,
Ham,J97L Mobil Onay Kodunuz / 31.05.2011 22:00,,,,,,
Ham,Tamam benimde isim uzadi gelemeyecegim,,,,,,
Spam,Sadece 27 Subat Pazar gunu Boyner Magazalari'nda Kelebekli urunlerde TTNET'lilere ozel %50 indirim! Size ozel indirim sifreniz: 1636825,,,,,,
Spam,"Faturanizi otomatik odeme talimatiniz ile odeyin,3 ay icinde otomatik odediginiz her fatura icin 1 ay aksam 9dan sabah 9da Turkcelllilerle BEDAVA mesajlasin",,,,,,
Spam,"TUM BANKACILIK ISLEMLERINIZI, EVNIZDEN VEYA OFISINIZDEN GARANTI INTERNET SUBESI'NI KULLANARAK HIZLI VE KOLAYCA GERCEKLESTIREBILIRSINIZ..",,,,,,
Ham,görüştüm ama bibi cıkmaz,,,,,,
Spam,"VakifBank Kredi Kartiniz ile www.turktelekom.com.tr den faturalariniz icin otomatik odeme talimati verin, 10 TL degerinde Worldpuan kazanin!vakifkart.com.tr",,,,,,
Ham,aynen benimde ama diğerlerinden umutlu değilim pek,,,,,,
Ham,"Genç Tema günaydın, bugün ki fidan dikimini 1 saat erkene aldık saat 12 de tema evinde görüşmek üzere. Eğlenceli ve verimli bir etkinlik olması dileğiyle:)",,,,,,
Spam,"23 Subat'a kadar Is Bankasi'ndan TTNET faturaniz icin talimat verin, cekilis ile Golf marka araba, Paris seyahati ya da Nokia Booklet kazanin!4440202",,,,,,
Ham,tamam orda buluşuruz,,,,,,
Spam,"Arayip ulasamadigin *5345937199 numarasina hemen tikla sadece 1TLye sesli mesaj birak!11 Nisana dek 1 sesli mesaj birak,300 UC RETSIZ sesli mesaj hakki kazan!",,,,,,
Ham,Kuzu hani onbeş dk diyodun? Bekle biraz daha bakalım.,,,,,,
Ham,ne oldu bu kadar önemli,,,,,,
Ham,laptop çantada açık gelsem bise olur mu ki islem iptal edilmiyo,,,,,,
Spam,"YEMEKSEPETI.COM da her 10TLlik harcamaya Blackberry Torch,SamsungE2550 ve 4GB Jetmodem kazanma firsati!Hemen gir,siparislere basla!Bilgi avea.com.tr/avantajavea",,,,,,
Spam,"TTNET'TE MOTOROLA XOOM, 1GB 3G MOBIL INTERNET, TTNET MUZIK VE 1 YIL SINIRSIZ WIFI 64TL'DEN BASLAYAN TAKSITLERLE! ORIJINAL KILIFI DA HEDIYE! www.ttnet.com.tr",,,,,,
Ham,zaten kimse beğenmiyor diye tam ödevi paylaşmadım =p,,,,,,
Ham,Yok abi sen gt.Ben yatm birz sabah erken caliscm.,,,,,,
Spam,Dunya Kadinlar Gununuzu kutlariz! 8Martta Boyner Anahtar ile 100TL ve uzeri alisverislere %20si kadar marka ceki hediye! Ustelik BONUS ile 10 taksit firsatiyla!,,,,,,
Spam,"ODEON TOURS'da CardFinans ile %35'e varan indirim  + 12 taksit veya 500TL uzeri harcamalarda 8 taksit + simdi al, haziranda ode. Son gun 4 Nisan. 212 4440684",,,,,,
Spam,"Fatura tutarinizi merak etmenize gerek yok. FATURA yazip 2222ye gonderin, fatura tutariniz, son odeme tarihiniz cebinize aninda sadece 90 kurusa gelsin!",,,,,,
Spam,"gnctrkcll'li,MAVI'de 125TL ve uzeri alisveriste %20 INDIRIM. Yeni sezon urunlerinde gecerli sana ozel bu firsati kacirma!Sen sectin,gnctrkcll yapti! gnckcll.com.tr",,,,,,
Ham,En erken kaÇta gelirsin,,,,,,
Spam,"1-30 Nisan arasi Maximum Kart'inizla toplam 1.000TL aliveris yapin,PUAN yazip kartinizin son 6 hanesi ile 4402ye gonderin,40TL ekstra MaxiPuan kazanin.4440202",,,,,,
Spam,"GPRS Servisinizi aktif hale getirmek icin lutfen bu mesaji ""GPRS"" yazarak cevaplayiniz. VODAFONE",,,,,,
Ham,kaç gibi gelirsiniz bize?,,,,,,
Spam,SMS 30 paketi ile her yone 30 SMS icin 12TL yerine sadece 3TL odeyin! Bu firsattan faydalanmak icin hemen SMS 30 yazin 222ye gonderin.,,,,,,
Ham,pepsi'den bayram suprizi! 19-31 Mayıs tarihleri arasında göndereceğin ilk sifre için 2 adet hediye kazanacaksın. hediyen yüklendikçe hergün bilgilendirileceksin..,,,,,,
Spam,Yeni Apple MacBook Pro kazanma sansi Internet Subesi'nde! Bugun Internet Subesi'ne girin bu firsati kacirmayin.,,,,,,
Spam,"12 Mart'a kadar anlasmali istasyonlardan farkli gunlerde tek seferde yapilan 3. 100TL akaryakit alimina 20TL,5. 100 TL'lik alima 40TL ParaPuan.cardfinans.com.tr",,,,,,
Spam,"VakifBank Worldcard 15 Mart - 30 Nisan arasi Petrol Ofisinden 4 adet 100TL ve uzeri alisverise, 1-10 Mayis arasi Petrol Ofisinde 40TL indirim kazandiriyor!",,,,,,
Spam,"Sevgililer Gunu alisverisiniz DAMAT-TWEEN-ADV'de kis urunlerinde %50+%20 indirim, CardFinans'a ozel 7 taksit ve %10 ParaPuan firsatiyla! Son gun 14 Subat!",,,,,,
Spam,Sabri Ozel'de size ozel fiyat avantajlari devam ediyor.Sezon urunlerinde %50 indirim firsatini kacirmayin.,,,,,,
Spam,"Boyner magazalarinda %70'e varan indirimleri kacirmayin! Ustelik CardFinans ile simdi alin, 6 taksitle 2 ay sonra odemeye baslayin! Son gun 28 Subat!",,,,,,
Spam,"Sabri Ozel magazalarinda tum sezon urunlerinde %40,kirmizi etiketli urunlerde %50 indirim avantaji sizleri bekliyor.",,,,,,
Ham,fark etmez sende kalsin anahtar iki dakaya geliyorum,,,,,,
Spam,"Fabrika magazalarinda 250 TL alisverise 50 TL hediye ceki! Ustelik CardFinans'a ozel %10 ParaPuan, +4 taksit ve dilerseniz 2 ay erteleme firsati!",,,,,,
Ham,En büyük fener şampiyon fener :),,,,,,
Ham,Cnm bgn geldim ben kirsehrden. Yarin bulusalim müsaitsn olur mu? Kntör yoksa faceden msj at yatmadan bakarım tamam.öpt canm..,,,,,,
Spam,"En yakin Denizbank subesine gelin sadece Avealilara ozel hem %0,77den baslayan oranlarla 77 ay vadeli kamu kredisi kullanin hem de 40TL fatura indirimi kazanin!",,,,,,
Ham,sinavin nasil gecti,,,,,,
Spam,"CardFinans'la giyim,aksesuar,kozmetik,optikte 20 Hazirana kadar farkli gunlerde yapacaginiz 3'uncu 100TL ve uzeri alisverise 30TL ParaPuan!www.cardfinans.com.tr",,,,,,
Spam,"Garanti'de kredi firsatlari devam ediyor! Dusuk taksitli 5.000 veya 10.000 TL'lik kredilere basvurmak icin T.C. Kimlik Numaranizi yazin, hemen 3390'a gonderin.",,,,,,
Ham,Adamim su an net degil ama yok gibi duruyorsun suanda,,,,,,
Ham,Guray bizim postalama isi ogleden sonraya kalacak sanirm.ddigerlerine ulasinca sana haber verirm biz napacagimizi,,,,,,
Spam,"Kredi karti ve fatura talimati olan musterilerimize Masrafsiz Kredi'de faiz indirimi! 25.000 TL'ye kadar, 60 aya varan vadelerle. Bilgi: Subelerimiz, 4440202",,,,,,
Ham,Geldim aç kapıyı.,,,,,,
Ham,"Kardeşim Emreyi bekliyoruz kuzeniyle araba pazarına gitmiş otograın oraya, sinir oldum.",,,,,,
Ham,balım ne zmn gelion bu tarflara??,,,,,,
Ham,spordan cknca haber weririm sana arkadasımın dogum gunu war braz yanlarna gecicem cok az orhan war ya ona ugrucam,,,,,,
Ham,Nerdesin napiosun kanka,,,,,,
Spam,Her sey cocuklarimizin gelecegi icin! Bu hafta Subemizde duzenlenen Kumbara Fonu Gunlerine sizi de bekliyoruz. Osmangazi Universitesi/Eskisehir Sb.,,,,,,
Ham,"Canım öğlen gidecekmiş, ben de ikinci soruda düzeltmeler yapıyorum açık açık yazıyorum şimdi",,,,,,
Ham,Ben pinodan gelyorum kapinizin onundeym zil calismiyor sanirim,,,,,,
Spam,Is Bankasi Bonosu 13-14-15 Nisan 2011 tarihlerinde halka arz ediliyor. Ayrintili bilgi:isbank.com.tr,,,,,,
Spam,"VAKIFBANKTAN SIZE OZEL, UYGUN FAIZ ORANI VE VADE SECENEKLERIYLE TATIL KREDISI... BILGI ICIN: www.vakifbank.com.tr",,,,,,
Ham,oldu tamam bu sefer,,,,,,
Spam,Akilli telefon Turkcellden alinir! 13TLden baslayan taksitlerle 3Gli telefonlar ve ozel tekliflerimiz icin sizi en yakin Turkcell Magazasina bekliyoruz.,,,,,,
Spam,Yeni Turkcell avantaj paketleriyle yurtdisinda da rahat rahat konusabilirsiniz.Ihtiyaciniza gore sadece 15TLye gunluk 30dk yada 49TLye 1ay boyunca 90dklik konusma paketlerinden size uygun olani almak icin yurtdisina cikmadan mutlaka arayin.4440532,,,,,,
Ham,Nice guzel yaslari superminik insan hilalcan KIVANC ve GULOOO,,,,,,
Ham,yeme laa. ne yiyorsan bitirme geliyorum. :),,,,,,
Spam,"OPET'de 14 Haziran'a kadar farkli gunlerde 5 defa 100 TL ve uzeri akaryakit alin, OPET'teki akaryakıt harcamalarınız icin 50 TL MAxiPuan kazanin! maximum.com.tr",,,,,,
Spam,TEBRIKLER! BEDAVA Casio Marka Kol Saati kazandiniz. UCRETSIZ 150TL degerinde HEDIYENIZI almak ve gonderi adresinizi belirtme icin HEMEN 7551880 i arayiniz.,,,,,,
Spam,"Stefanel'de Dunya Kadinlar Gunu'ne ozel, sadece CardFinans sahiplerine kurk grubunda %20 Indirim ve 7 Taksit firsati! Son gun 8 Mart!",,,,,,
Ham,hayır ayın 16sında gitcez ailecek..,,,,,,
Ham,balim nasilsin,,,,,,
Spam,"Son odeme tarihinizi kacirmayin! FATURA yazip 2222ye gonderin, fatura tutariniz, son odeme tarihiniz cebinize aninda sadece 90 kurusa gelsin!",,,,,,
Spam,gnctrkcllli," eglence, hobi,alisveris istedigin her sey butcene uygun fiyata sadece gncteklif.comda. Ister kredi kartini ister Mobil Odemeyi kullan!",,,,,
Spam,VakifBank Worldcard inizla yeniden yapilandirma kanunu kapsaminda vergilerinizi gib.gov.tr den 18 taksitle odeyebilirsiniz.Ustelik taksitler 2 ayda bir odemeli.,,,,,,
Ham,ULASAMADIGINIZ +905051234455 NUMARALI ABONEYI SU AN ARAYABILIRSINIZ.Gunluk 60 DAKIKA konusma ve 100MB INTERNET PEPSI kapaklarında!Sifreler 5757ye!,,,,,,
Spam,"gnctrkcllli,artik muzik gncplay.com da dinlenir!. Hemen yenilenen www.gncplay.com a gir, Milyonlarca sarki icinden, istedigini kolayca dinle!",,,,,,
Ham,ben gelemem ya,,,,,,
Ham,ya çok sevildiğim için çok iyiyim ya da çok iyi olduğum için çok seviliyorum. işte bunu bilemiyorum.,,,,,,
Spam,"BONUS'LA 100TL'LiK AKARYAKIT ALIN,AKARYAKIT YAZIP 3340'A GONDERiN.SONRAKi 100TL'LiK HER AKARYAKIT HARCAMASI iCiN 5TL,15TL,30TL,50TL BONUS KAZANIN! BONUS.COM.TR",,,,,,
Spam,Motorlu Tasitlar Verginizi ATM lerimizden WebSubem den ve 444 0 724 AloSubem den odeyebilirsiniz. www.vakifbank.com.tr,,,,,,
Ham,beğenmeyin olum şunu yaa :D,,,,,,
Ham,"Bu arada mevlana nin bi sözünü sölicektm sana unutmadn..Aradaki uzakligi niye dert edersin sevgili,biz rabbimizi görmedn sevmdk mi..",,,,,,
Spam,"Migros,5M,Tansasta bu gece 21:30-23:30 arasi Turkcellliye ozel %15 indirim!30TL ve uzeri alisveriste kasada aninda kazan!AVM magazalari,M Migros haric.444 10 44",,,,,,
Ham,Canım hesap makinan evde mi?,,,,,,
Spam,VAKIFBANKTAN BABALAR GUNUNE OZEL UYGUN FAIZ ORANI VE 11 AY VADE SECENEGIYLE 5.000 TL TAKSITLI IHTIYAC KREDISI. DETAYLI BILGI ICIN www.vakifbank.com.tr,,,,,,
Spam,"Yaz esintisini odaniza tasiyoruz. Nakisli, kopanakili ve biyeli pikelerde %25, pamuk polyester yatak ortulerinde %50 indirim firsati English Home magazalarinda",,,,,,
Ham,kapımın önunde bangır bangır bağırıyolar oy verceğim varsa da vazgeçtim :D:D:DD,,,,,,
Ham,Hayir cnm bi film daha izledm harikydi.sen napyn?,,,,,,
Spam,"Internet paketi simdi %50 daha ucuz! 3 ay boyunca ayda sadece 5 TLye internete baglanmak icin 3 AY yazip 2222ye gonderin, internetin keyfini doya doya cikarin",,,,,,
Ham,s.a. dostum dife ne zaman calisacaz bi karar verelim ben hic bisey bilmiyorum,,,,,,
Spam,"Alisveris Festivali 18 Mart'ta basliyor!Giyim,aksesuar,kozmetik,optik,elektronik alisverislerinizde CardFinans'a ozel firsatlar yakinda cardfinans.com.tr'de!",,,,,,
Ham,"projemiz vatana millete hayırlı olsun akım, gerilim, direnç ölçebilen multimetremiz şimdi bitti. tas tamam çalışır vaziyette :)",,,,,,
Ham,Ekmek alayım mı,,,,,,
Spam,Ucretsiz havale ve EFT islemi Cep Subesi'nde! Internet Subesi sifre ve parolanizla hemen giris yapmak icin wap.garanti.com.tr'yi ziyaret edin.,,,,,,
Ham,Yarın da size geliyorum var mı gerekli bisey bu arda maca geliyon mu gece?,,,,,,
Ham,"GençTarifeli! sadece 10 tl ye 30 gün boyunca her yöne mesajlaşacağın tam 5000 sms icin bu mesajı EVET yazıp cevapla,fırsatı kaçırma!",,,,,,
Ham,geliyon mu bize ?,,,,,,
Ham,Yolculuğun nasıl geçti? hani inince haber vrecktin :),,,,,,
Spam,"VakifBank Worldcard tan 50 TL Worldpuan! 31 Mayisa kadar World isyerlerinden 5 adet 100 TL islem yap, YIRMI yaz, kartin son 6 hanesini SMS ile 6635 e gonder!",,,,,,
Spam,"gnctrkcllli,sana ozel avantajli teklifler gncteklif.comda' Yemek/Eglence/Giyim aradigin her sey burada.Her gun farkli teklifler gncteklif.comda seni bekliyor",,,,,,
Ham,Labtayım,,,,,,
Ham,Kanka gece 1-2 ekolde maç var ne diyon? Senin için 6 dan sonraya aldım maçı :) .,,,,,,
Ham,sinemaya gitmıcekmıyız,,,,,,
Ham,"haci dogum gunun kutlu olsun yaaa, biraz gec oldu ama :S",,,,,,
Spam,VODAFONE'LULAR BP CLUB KART ILE 11 AGUSTOS'A KADAR 2 KAT DAHA FAZLA KAZANIYOR. KAMPANYAYA KATILMAK ICIN KART NUMARANIZI YAZIP 2802'YE SMS GONDERIN.,,,,,,
Spam,VakifBank Worldcard inizla yeniden yapilandirma kanunu kapsaminda vergilerinizi gib.gov.tr den 18 taksitle odeyebilirsiniz. Ustelik taksitler 2 ayda bir odemeli.,,,,,,
Ham,Guray sana facebooktan bir mesaj attım baksana uygun olduğunda cevap yazarsın,,,,,,
Ham,Bekle beni istersen yetisicem kesin,,,,,,
Ham,"değerli abonemiz, vodafon numara taşıma kampanyasından kazandığınız aylık ücretsiz görüşme sureniz dolmuştur.",,,,,,
Spam,CEPAVANS SERVISINIZ AKTIFTIR.TL'NIZ BITINCE AVANS TL'LERINIZI KULLANARAK ILETISIME DEVAM EDEBILECEKSINIZ. SERVIS IPTALI ICIN AVANSIPTAL YAZIP 7505'E GONDERINIZ.,,,,,,
Spam,3G li ve 2MP kamerali Nokia 2730 ayda sadece 4 TLye Aveada! Hemen Avea bayilerine gelin bu firsati kacirmayin. Detayli bilgi icin www.avea.com.tr,,,,,,
Spam,"Size ozel 30TL ilave MaxiPuan kazanma firsati! 1-31 Mart arasi Maximum Kart'inizla toplam 1500TL alisveris yapin,kazanin.Ayrintili bilgi ve ek kosullar:4440202",,,,,,
Spam,"CardFinans'tan Bedava Kredi! Mevcut harcamalarinizi CardFinans'a tasiyin ekstre sozunuze karsilik masrafsiz,0 faizli kredi firsatini kacirmayin. Bilgi 4440900",,,,,,
Ham,tamamdır.,,,,,,
Ham,Guray selam ben emine naslsn? Ben sey sorcaktm okula staj basvurusu gbi bisey var mi? Ben surda staj yapcam falan die.Bi de sigorta yazisini pzt versem sorun  olur mu ki?,,,,,,
Ham,tatlım işim var o saatte ama yarın yapalım,,,,,,
Ham,**5992 nolu Kredi Karti Ekstre Borcunuz 941.55 TL Asgari Odeme Tutari 189.00 TL ve Son Odeme Tarihi 05.04.2011 dir.,,,,,,
Ham,ben geliyorum,,,,,,
Ham,Güzel şarkı eee murat kekilli de cok guzel söylemiş =),,,,,,
Spam,VAKIFBANKTAN BABALAR GUNUNE OZEL UYGUN FAIZ ORANI VE 11 AY VADE SECENEGIYLE 5.000 TL TAKSITLI IHTIYAC KREDISI. DETAYLI BILGI ICIN www.vakifbank.com.tr,,,,,,
Ham,Java kitabım sende kalmış sanırsam gelirken getirebilirmisin kardeş:),,,,,,
Ham,Ben turgut. Vize dokumanina baktım galiba onlar bizim adimiza basvuru yapablyomus tam detayini bilmyom ama bi mail atip sormayi dusunuym,,,,,,
Ham,Başkan biz geç kaldık kusura bakma çıktık yola görüşemedik hakkını helal et mersine gelirsen görüşürüz inşallah.,,,,,,
Spam,Sampiyon tarife ile numaran degismeden her yone 2 dksi sadece 20 Kurusa konusmak ve her yone 600 dk hediye kazanmak icin seni Avea bayilerine bekliyoruz.,,,,,,
Spam,Numarasini Turkcell faturaliya tasiyana SADECE 29TLye heryone 600dk konusma ve 33 milyon Turkcelliyle haftada 2 Gun BEDAVA!Sizi Turkcell noktalarina bekliyoruz,,,,,,
Ham,bilgisayari getir,,,,,,
Ham,dogum günün kutlu olsun canim arkadasim,,,,,,
Ham,"Sn. musterimiz, BP773235 nolu gonderiniz 01/04/2011 tarihinde AYLA UYSAL a teslim edilmistir. 02862178807",,,,,,
Spam,%50'ye varan Yaz Indirimi basladi. Tum EKOL magazalarinda ve ekolonline.com'da.. 03124738610,,,,,,
Ham,10 dakikaya çıkıcam canım evden,,,,,,
Ham,Saat 9 gibi olabilir.,,,,,,
Spam,"12 Mart'a kadar anlasmali istasyonlardan farkli gunlerde tek seferde yapilan 3. 100TL akaryakit alimina 20TL,5. 100 TL'lik alima 40TL ParaPuan.cardfinans.com.tr",,,,,,
Ham,ben cıkıyorum evden,,,,,,
Spam,Is Bankasi Tahvil ve Bonosu 2-3-4- Subat 2011 tarihlerinde halka arz ediliyor. Ayrintili bilgi:isbank.com.tr,,,,,,
Spam,Annelerin en guzeline en ozel hediye SABRI OZELden %25 INDIRIM FIRSATIYLA.6-15 MAYIS tarihleri arasi YENI SEZON BAYAN urunlerinde gecerli FIRSATI KACIRMAYIN.,,,,,,
Ham,PÜSKEVİT Çılgınlığı Afrikaya da Sıçradı :),,,,,,
Ham,la olum mesaj gelmıs vıdeo gelmemıs alın burdan ızleyın ama herkes delll :D,,,,,,
Ham,Cifo nerdesin,,,,,,
Spam,"Heryone 30SMS! 12 TL yerine, paket alarak sadece 3TL odeyip cok daha avantajli fiyata mesajlasabilirsiniz! SMS 30 yazin 2222ye gonderin.",,,,,,
Spam,"Çanakkale Atasay'da %25'e varan Altinci Gün indirim firsatlari,Dünya Kadinlar Günü'ne özel 5-8 Mart tarihleri arasinda uygulanacaktir.Detaylar 0286 213 20 97",,,,,,
Ham,Abi yuklemeye gdersen bnada esbilet alrmsn?,,,,,,
Spam,"Faturanizi otomatik odeme talimatiniz ile odeyin,3 ay icinde otomatik odediginiz her fatura icin 1 ay aksam 9dan sabah 9da Turkcelllilerle BEDAVA mesajlasin",,,,,,
Spam,"Genc Tarifeli! 100MB internet paketi sana ozel ayda sadece 3 TL! Hemen GENC INTERNET yazip 2222ye ucretsiz gonder, Turkcell hiziyla internetin keyfini yasa!",,,,,,
Spam,"Atasay'da her ayin ""ALTINCI"" günü seÇili ürünlerde %25 indirim! Bu ""Altin Firsat"" iÇin sizleri Atasay Çanakkale Magazamiza bekliyoruz. 0 286 2132097",,,,,,
Spam,indirim %30-40-50 artan indirim oranlariyla devam ediyor... TUZUN,,,,,,
Spam,"Benetton,012 ve Sisley'de her 100 TL'lik alisverisinizin 25 TL'si bizden!",,,,,,
Ham,evde misin,,,,,,
Ham,günaydın ablacim :),,,,,,
Ham,esparkta bulusuruz,,,,,,
Spam,VakifBank Worldcardla 31 Temmuz a  kadar Shell de yapacaginiz 4 adet 100TL ve uzeri alisveris size 1-10 Agustos arasi Shell de 40TL indirim kazandiriyor!,,,,,,
Ham,arkadasın dogum gunune gıdıcez,,,,,,
Ham,VakifBank WebSubem girisi icin tek kullanimlik sifreniz: 066407 . Sifreniz 3 dk gecerlidir. Tarih: 14.06.2011 Saat: 20:35,,,,,,
Spam,1 Nisan-31 Mayis arasi her 100TL ve uzeri yakit aliminiza 1 cekilis hakki! 4442020,,,,,,
Ham,odevi yaptin mi,,,,,,
Spam,Cep Anahtar uygulamasini cep telefonunuza indirmek icin tiklayiniz.,,,,,,
Ham,Yarın kaç gibi okulda olcaksın?,,,,,,
Ham,tamam geliyorum,,,,,,
Ham,Kanka gelirken 2 tane buz parmak al bana daaaa :),,,,,,
Spam,"Heryone 30SMS! 12 TL yerine, paket alarak sadece 3TL odeyip cok daha avantajli fiyata mesajlasabilirsiniz! SMS 30 yazin 2222ye gonderin.",,,,,,
Spam,"Taksit yapamadiginiz yerlerde de artik TaksitKolay! CardFinans'inizla yaptiginiz 50 TL ve uzeri harcamalariniz icin 4440900'u arayin, 3-6-9 taksite bolelim.",,,,,,
Ham,Geliyor musun,,,,,,
Ham,"projem bitmedi cnm bugün görüşemeyiz ,yarın belki olur ben sana msj atarım tmm.",,,,,,
Ham,Arzs fslri hrccz hdi gl..,,,,,,
Spam,"Turk Telekom'dan Anneler Gununde, tum gun, evden cepler ve yurtdisi da dahil her yonu aramak bedava. Arayin konusun doya doya. Bilgi:www.turktelekom.com.tr",,,,,,
Ham,çalıştın mı ya sınavlara,,,,,,
Spam,"YASASIN KAMU kulubune uyelik UCRETSIZ.Hemen KAMU yazip 2222ye UCRETSIZ gonderin,SABRI OZELde %30 indirimi kacirmayin.www.turkcell.com.tr",,,,,,
Ham,aynen bende yapacagız artık bir şekilde,,,,,,
Ham,okulda misin,,,,,,
Ham,ben gelemem ya,,,,,,
Spam,AsyaCard ile anlasmali uye isyerlerinden yapacaginiz elektronik harcamalariniza +6 Taksit firsati sizi bekliyor! Son Gun 30 Haziran. Bilgi www.asyacard.com.tr,,,,,,
Ham,selam abi... abi fizik soruları hatırlat demiştin... abi bul lütfen... iddiaya girdim kazanmam lazım... lütfen,,,,,,
Ham,kız denizci mi oldun? ama yakışmış...,,,,,,
Spam,"GencTarife SMS teklifinde super degisim!Doya doya mesajlas diye 17 Subat itibariyle, gun icinde Turkcell yonune ucretli 3 SMS gonderdikten sonra ayni gun icinde kullanabilecegin Turkcell yonune ucretsiz 1000 SMS kazanacaksin.",,,,,,
Spam,"Garanti Tam Destek'ten odemesi kolay, dilerseniz dosya masrafsiz destek kredileri. Diger kampanyalarla karsilastirin, farki gorun, hemen basvurun! 02124440335",,,,,,
Spam,"gnctrkcllliTamsil Kuru Temizleme'de 3 alternatiften (3 Gomlek,2 Ceket veya 1Takim elbise) biri 8.10 TL.TAMSIL yaz 8073'e gonder.SMS ucreti 50krs. GNCTEKLIF.COM",,,,,,
Spam,YKM Outlet'te indirimli fiyatlara ilave %35'e varan indirim! YKM Kart'la gecerli olan bu firsati kacirmayin.,,,,,,
Ham,ya cnm dün aydan mesaj attı sürekli bursaya çağırıyo müsaitsen haftasonu gidelimmi,,,,,,
Spam,Sabri Ozel'de triko bayrami! 1 triko 39.90TL'den baslayan fiyatlarla..Ustelik tum kis sezonu urunlerinde %70'e varan firsatlarla.,,,,,,
Ham,"Günaydın kanka sabaha kadar uyuyamıştık, sonra bi kaç saat uyudum. Şimdi uyandım. Okula gidiyoruz Cemile ve Pelinle",,,,,,
Spam,"gnctrkcll'li, Acelya cicek evin'nden aski ve tutkuyu ifade eden 3 adet birinci sinif kirmizi gul 38 TL yerine 19 TL!HEmen GNCTEKLIF.COMA gir, satin al!",,,,,,
Spam,Siz Turkcell Kamululara ozel!2ay boyunca Heryone ucretsiz 1000smsnizden hemen yararlanmak icin BEDAVA SMS yazip 2222ye gonderin,,,,,,
Spam,"SATIS VE PAZARLAMAYI EN iYiLERDEN OGRENME FIRSATINI 19 NiSAN'DA BONUS AKADEMiSi iLE YAKALAYIN, CV'NiZ EN iYi FiRMALARA ULASSIN. 212 286 00 46 - BONUS.COM.TR",,,,,,
Ham,"Tmm bn halltmye calsrm ogldn snra,bnkada sorun var snrm sbh ozgun de yapamams,grsz gokhan",,,,,,
Ham,cnm kargon geldi odana bıraktım haberin olsun,,,,,,
Spam,"SON GUN 30 NISAN! Hemen KATLA yazip 1616'ya gonderin, 5TLniz katlansin 50 TL olsun, 1 hafta boyunca Vodafonelularla kendi tarifenizden konusun.",,,,,,
Ham,Ablacm gtar kursuna gdyrm,,,,,,
Spam,"AKARYAKITTA %10 BONUS!30NİSAN'A KADAR AKARYAKIT HARCAMANIZDA TOPLAM 250TL'YE ULASIN,%10 BONUS KAZANIN! AKARYAKIY YAZ,3340'A GONDER",KAMPANYAYA KATIL.BONUS.COM.TR,,,,,
Spam,"Genc Tarifelilere 100MB cepten internet ayda sadece 3 TL! Hemen GENC INTERNET yazip 2222ye ucretsiz gonderin, cepten internetin keyfini yasamaya baslayin!",,,,,,
Ham,2320960 ongar tel,,,,,,
Ham,hatırladım şimdi ya evde unuttum ben onu.,,,,,,
Ham,Kanka yarın 10 da her zamanki yerde buluşalım.,,,,,,
Ham,tamam ok,,,,,,
Spam,RENAULT'DA HAYALINIZDEKI KAMPANYA! 12000 TL KREDI KULLANIN 11500 OLARAK GERI ODEYIN... GUVEN PLAZA ESK:222 3153030 KTH:274 2251350,,,,,,
Spam,"gnctrkcllli, 222 Park Majha'da diledigin cesit pizza+ 1 mesrubat 22 TL yerine sadece 11 TL!Hemen GNCTEKLIF.COM'a gir, satin al! Bu firsati kacirma!",,,,,,
Ham,"VakifBank internet ve telefon bankaciliginda dijital sertifika yukleme, telefon marka - modeli ve kart bilgileri hicbir sekilde istenmemektedir.4440724",,,,,,
Spam,"Darphin'den Guzel Bir Davet!Sizi, 25.03.2011-26.03.2011 tarihlerinde Aksoy Eczanesin'nde gerceklesecek olan bakim gunumuzde gormekten mutluluk duyariz.Iletisim:Aksoy Eczanesi - Istiklal Mah. Sair Fuzuli Cad. No:4 Tasbasi/Eskisehir Tel:0222 2312840",,,,,,
Spam,"VakifBank Worldcard 15 Mart - 30 Nisan arasi Petrol Ofisinden 4 adet 100TL ve uzeri alisverise, 1-10 Mayis arasi Petrol Ofisinde 40TL indirim kazandiriyor!",,,,,,
Ham,Iyiym arzu$ napaym dersleri açiyorum kapatıyorum..sen napiosn sesin ckmiyoo:),,,,,,
Ham,aynen kuzu benım acelem var sora konusuruz yıne,,,,,,
Spam,"gnctrkcllli, Bonnyfood'dan lezzetli cicekler firsati. Tum urunlerde gecerli 25 TLlik hediye ceki 1 TL! BONNY yaz 8073'e gonder. SMS ucreti 50 krs. GNCTEKLIF.COM",,,,,,
Spam,"Simdi e-faturaya gecin,Toyota Prius kazanma sansi yakalayin.E-faturaya gecmek icin e-posta adresinizi SMS ile 3008'e gonderebilirsiniz.Detaylar: www.avea.com.tr",,,,,,
Ham,kuzum misafir var şimdi atamıcam,,,,,,
Spam,"Aveadan SUPER bir Muzik Paketi! MAXI yaz, 5555e gonder, Maxi Muzikindir Paketi ile 150 yerli 50 Yabanci sarkiyi ayda sadece 5,99 TLye cebine indir!",,,,,,
Ham,geliyorum,,,,,,
Ham,Audi burda:),,,,,,
Spam,"Kagit fatura yerine fatura tutariniz ve odeme tarihi smsle ucretsiz gonderilsin, 1 ay Turkcelllilerle Pazar BEDAVA konusun.2222ye FATURAISTEMIYORUM yazip gonderin",,,,,,
Ham,Günaydın abi nasılsın?Java sınavı saat kaçta hangi sınıftaymış?,,,,,,
Spam,VakifBank Worldcard ile Carrefour da 20TL Worldpuan! 30 Haziran a kadar Carrefour da yapacaginiz toplam 200TL alisverisinize 20TL Worldpuan hediye!vakifkart.com,,,,,,
Ham,haci bana imza at birde hoca ne zaman sınavları okuyacakmış?,,,,,,
Spam,"Tarife paketinizdeki dakikalarin bitiminde sadece 5TLye fatura kesim tarihinize kadar heryone 100dk daha konusabilir, paket asimindan ucretlenmek yerine faturanizi kontrol altinda tutabilirsiniz. NARPAKET yazin 2222ye gonderin.",,,,,,
Spam,VakifBank Worldcard inizla Eskisehir de anlasmali Alpet istasyonlarindan yapacaginiz akaryakit alisverislerinden aninda % 6 indirim kazanin!,,,,,,
Spam,"Dusuk taksitli veya dosya masrafsiz 5,10 ve 20bin TL kredilere devam! Ustelik siz eski kredi musterimize ekstra indirimle Garanti Tam Destek'de.",,,,,,
Ham,canım yaaaa kalemlikler karışmış ben seninkini almışım:(((( okula gelince farkettim:),,,,,,
Ham,gorusuruz,,,,,,
Ham,hiç canim istemiyo,,,,,,
Spam,VICHY'DE %40 INDIRIM GUNLERINE DAVETLISINIZ.SADECE 18-19 MART TARIHLERINDE.AKSOY ECZANESI TEL:2312840,,,,,,
Ham,Geliyomsn spora?,,,,,,
Ham,11 gibi,,,,,,
Spam,Simdi ayda sadece 9 TL'ye her yone tam 2 saat ve ayni tarifedekilerle sinirsiz konusma firsatini kacirmamak icin Avea bayilerine gelin.,,,,,,
Ham,kacinci kat,,,,,,
Spam,YARIN(20 OCAK) VICHY-LA ROCHE UZMANININ ECZANEMIZDE YAPACAGI UCRETSIZ CILT VE SAC ANALIZ GUNUNE DAVETLISINIZ..BU OZEL GUNU KACIRMAYIN...3209693,,,,,,
Spam,Mudo'da Anneler icin sayisiz hediye alternatifleri cok ozel indirimler ve surprizlerle sizi bekliyor.,,,,,,
Spam,"BUGUN BONUS'UNU KULLANANLAR YARIN BEDAVA KONUSUYOR!BUGUN BONUS'LA 75TL HARCA,KONUS YAZ SLiPTEKi SiFREYLE 3340'A GONDER YARIN 75 DK BEDAVA KONUS!BONUS.COM.TR",,,,,,
Ham,Cnim ben sna hicbseymi tamir ettirmem :d,,,,,,
Ham,hacı o zaman ben yaparım olmazsa o adama gideceğiz.,,,,,,
Ham,"canımn içi bu akşam müsait deilim,proje teslimim var.,yrn akşam gelebilirsin ama.,",,,,,,
Spam,"SADECE 17-18-19 MART TARIHLERINDE ""ESKISEHIR SAGLIK GUNLERI"" TUM VICHY URUNLERI % 40 INDIRIMLI.AKSOY ECZANESI TEL:2312840",,,,,,
Spam,FABRIKA'dan HEDIYE SONY'ler: 500TL ustu alisverise giyilebilir Walkman'den VAIO Notebook'a 7 farkli SONY! CardFinans'a +%10 ParaPuan! Bilgi: cardfinans.com.tr,,,,,,
Spam,Kis sezonunun beklenen son indirimiSizleri magazalarimiza bekliyoruzwww.roman.com.tr,,,,,,
Ham,Hangover dayız gel,,,,,,
Ham,zilde ne yaziyor,,,,,,
Spam,Money Club'in 1.yasinda bedava sinema! 6 Nisan'da Espark Cinebonusda kartini gosterene son seans 2 kisilik sinema bileti hediye.Detay www.moneyclubkart.com,,,,,,
Ham,"yaa ben ödevi yapamadım cok zorlandımm,bana yardım edebilirmsnnn:(((",,,,,,
Spam,KIGILI'DA INANILMAZ KAMPANYA! TRIKOLARDA 3 AL 1 ODE FIRSATI BASLADI! AYRICA% 60 NET INDIRIM DEVAM EDIYOR! BIZIMLE YENI YILIN EN SIK EN SANSLI ERKEGI SIZ OLUN!,,,,,,
Spam,"Benetton,012 ve Sisley'de Shopping Fest'e Ozel her 100 TL.'lik alisverisinize 30TL. Hediye Ceki kazanin!",,,,,,
Ham,tebrikler kanka hakettiniz artık :D,,,,,,
Spam,Mudo da kisa gunun kari kampanyasi basladi! Secili hazirgiyim sezon urunlerinde gecerli %30 indirim  sizi bekliyor. Son gun 4 Nisan!,,,,,,
Spam,"CEP-T PARACARD!HARCADIKCA BONUS, KONUSTUKCA DAKiKA KAZANDIRAN TEK KART.USTELiK iLK YUKLEMEDE 200 DK HEDiYE!TUM TURKCELL iLETiSiM MERKEZLERiNDE.PARACARD.COM.TR",,,,,,
Spam,"gnctrkcllli!Tamsil  Kuru Temizleme'de 3 alternatiften (3 Gomlek,2  Ceket veya 1Takim elbise) biri 8,10 TL.TAMSIL yaz 8073'e gonder.SMS ucreti 50krs. GNCTEKLIF.COM",,,,,,
Ham,adam ol,,,,,,
Ham,yarin beraber ders calisalim mi,,,,,,
Ham,İnternet Programming ödevinin ilk sorusu harbiden çok zor ya:),,,,,,
Ham,okuldayim,,,,,,
Ham,biz fiestadayız dj hero oynuoruz gel sende cnm,,,,,,
Spam,"gnctrkcll'li, Meshur McDonald's kampanyasi, 1 menu alana 1 menu hediye, gelecek Cuma basliyor. Ilk kampanya sifren gnctrkcll'den sana hediye. Sifren: 51321",,,,,,
Ham,"çoktandır bende dışarı çıkmıyom yaa, ben de asosyalım anliicağın :((",,,,,,
Spam,Mudo da kisa gunun kari kampanyasi! Secili hazirgiyim sezon urunlerinde gecerli %30 indirim sizi bekliyor. Sadece 1 Mart'a ozel bu firsati kacirmayin!,,,,,,
Spam,"gnctrkcll'li, Eurolingua'da 60 saatlik (1kur) Ingilizce ya da Almanca Egitimi 360 TL yerine sadece 99 TL! HEmen GNCTEKLIF.COM'a gir, satin al!",,,,,,
Ham,tamam,,,,,,
Ham,"Sayın Esra Aslan, Buzlu bonus bilet üyelik sifreniz:0145   www.buzlumotorluaraclar.com.tr (1)",,,,,,
Ham,fena deildi ya,,,,,,
Ham,"heryöne 500 dadika kampanyasından kazandığınız 50 dakikanız yüklenmiştir. 16.06.2011 e kadar heryöne (özel servis, yutrdışı hariç) kullanabilirsiniz.",,,,,,
Spam,"Faturanizi otomatik odeme talimatiniz ile odeyin, hem onlarca Samsung LCD TV, iPad ve iPhonedan birini kazanma sansini yakalayin hem de otomatik odediginiz her fatura icin 1 ay boyunca aksam 9dan sabah 9a Turkcelllilerle BEDAVA mesajlasin!",,,,,,
Spam,"Degerli musterimiz, gelir belgesiz,kefilsiz 10000TL on onayli ihtiyac kredinizi cazip oranlarla kullanin, 3 ay sonra odemeye baslayin. Subelerimize bekliyoruz.",,,,,,
Spam,"Sabi Ozel magazalarinda tum sezon urunlerinde %40,kirmizi etiketli urunlerde %50 indirim avantaji sizleri bekliyor.",,,,,,
Spam,Sabri Ozel'de %50+10 indirimler Sevgililier Gununu ozel yasayin.10-15 Subat tarihleri arasindaki bu firsati kacirmayin.,,,,,,
Spam,"Cok cazip faizli ihtiyac kredisi Finansbank'ta! Almasi hemen, odemesi 3 ay sonra.Basvuru icin TC kimlik no'nuzu 5030'a gonderin.Detaylar finansbank.com.tr'de.",,,,,,
Ham,hafiz odevi ne yaptin,,,,,,
Ham,"Sayin musterimiz 08.06.2011 son odeme tarihli faturaniz 32,6TLdir.Detayli bilgi icin 7578888i ucretsiz arayiniz.Bir sonraki fatura kesim tarihi 25.06.2011dir",,,,,,
Spam,"Migros,Tansas,Sok,5M,Macro.da 90**871 kartinizla 31Marta kadar 300TL harca, 15MONEY kazan! Bu hedefi yap,Shell'de 100TL harca, 5TL YAKIT kazan.1 Money=1 TL",,,,,,
Spam,"PERLINA, beklenen %70 indirim basladi. Son indirimden yararlanmaniz icin, siz degerli musterilerimizi magazalarimiza bekliyoruz.",,,,,,
Ham,Buralara benzemez oralar ama burları da aratır hani haaa. Dört gözle bekliyoz walla :),,,,,,
Spam,Mudo da kisa gunun kari kampanyasi basladi! Secili hazirgiyim urunlerinde gecerli %30 indirim sizi bekliyor. Son gun 2 Mayis!,,,,,,
Ham,Finansbank Internet Subesi sifreniz blokelenmistir. www.finansbank.com.tr'den Aninda Sifreyi tiklayarak kart bilgilerinizle yeni sifrenizi hemen alabilirsiniz.,,,,,,
Spam,"www.esbul.net sicak arkadasliklarin yeni adresi. Tiklayin arkadassiz kalmayin yada telefondan UYE yazin 4590 a gonderin. Gunluk limitsiz 0,6 TL TELEMEDYA",,,,,,
Spam,Son 8 gun! 15-31 Aralik arasinda CardFinans'inizla 500TL harcayin 9000ile biten kartiniza yukledigimiz 25000 ParaPuan sizde kalsin! Detaylar: cardfinans.com.tr,,,,,,
Spam,"TATLI GELECEK GUNLERI DUZENLIYORUZ, GUNE OZEL BIREYSEL EMKLILIK FIRSATLARINDAN FAYDALANMANIZ ICIN SIZI SUBEMIZE BEKLIYORUZ.",,,,,,
Ham,"Yurda kacta gitceksin,gel bi burger yapalim",,,,,,
Spam,"Benetton,012 ve Sisley'de her 100 TL'lik alisverisinizin 25 TL'si bizden!",,,,,,
Ham,Dostm ne demek .d yoladm simdi,,,,,,
Ham,Yemedik yemek sen yedin mi?,,,,,,
Spam,"gnctrkcll'li Eskisehir Kurs Merkezi'nde, hitabet veya fotografcilik kursu 100 TL yerine sadece 49 TL! GNCTEKLIF.COM'a gir,satin al!",,,,,,
Ham,Yurda ugrayıp aldıklarımızı bırakıp  öyle gitcez abi.,,,,,,
Spam,"CardFinans'tan 100 TL ve uzeri 3 akaryakit alisverisine 20 TL, 5 akaryakit alisverisine 50 TL degerinde ParaPuan hediye. Detaylar icin www.cardfinans.com.tr",,,,,,
Ham,Edacim o zaman hep bulustugmuz yerde 1 bucukta bulusalm bgn. Doktorlarn girsnde yapi kredinin orda.grsmk üzre :),,,,,,
Spam,"YASASIN KAMU kuluubune uyelik UCRETSIZ.Hemen KAMU yazip 2222ye UCRETSIZ gonderin,SABRI OZELde %30 indirimi kacirmayin. www.turkcell.com.tr",,,,,,
Spam,"Kredi taksitleri daha da dustu! Her butceye uyacak, dusuk taksitli, 5.000TL ve 10.000TL yepyeni kredi firsatlari Garanti Tam Destek'de. Kacirmayin! 02124440335",,,,,,
Spam,"gnctrkcll'li, Accessorize'da 75 TL ve uzeri alisveriste % 20 INDIRIM. Sana ozel bu firsati kacirma! Sen sectin,gnctrkcll yapti! Detaylar icin gnctrkcll.com",,,,,,
Spam,"Ayin yarisi etiketin yarisi. Pirlanta etiketli urunlerde %50 indirim. MOTHERCARE, EARLY LEARNING CENTRE, GUESS, LAURA ASHLEY, CHARLES&KEITH Tel:02166517380",,,,,,
Ham,"SN ALPER KURSAT UYSAL, PNR: SBAAST 25MAY 22:55 TK7120 UCUSUNUZ  ICIN ONLINE CHECK-IN ISLEMINIZ YAPILMISTIR. BU SADECE BILGI AMACLI BIR MESAJDIR. BINIS KARTI YERINE GECMEZ.",,,,,,
Ham,VakifBank WebSubem girisi icin tek kullanimlik sifreniz: 743109 . Sifreniz 3 dk gecerlidir. Tarih: 24.06.2011 Saat: 10:29,,,,,,
Ham,"Merhaba ben Ozer Ozdemir telefon numarami degistirdim bu yeni numaram. 0537 li numaram iptal oldu, haber vermek istedim. Yeniden gorusmek dilegiyle, hoscakalin.",,,,,,
Ham,yuhhh ben hic duymadim,,,,,,
Spam,AKARYAKITTA %5 iNDiRiM! BONUSLA PETROL OFiSiNDEN HER 100TL'LiK HARCAMAYA %5 iNDiRiMi KACIRMAYIN!KAMPANYA KATILIMI iCiN PO YAZ 3340'A GONDER.BiLGi: BONUS.COM.TR,,,,,,
Ham,Okey oynayak,,,,,,
Ham,benim icin zaman mekan fargetmez :D,,,,,,
Ham,Kardesim aksam kacta nerde bulusoyurz,,,,,,
Ham,la get,,,,,,
Spam,Turkcellliler Migrosta Yasadi!Migrosta 50 TL alisverise 50TL/125dk bedava konusma icin MONEY(bosluk) 16 hane Money Club kart nonu 2830a yolla!moneymobileclub.com,,,,,,
Ham,ben geliyorum,,,,,,
Spam,"5TL verip 50TL almaya ne dersiniz! Hemen KATLA yazip 1616'ya gonderin 5 TLniz katlansin 50 TL olsun, 1 hafta boyunca Vodafonelularla kendi tarifenizden konusun.",,,,,,
Ham,"**5992 nolu Kredi Karti Ekstre Borcunuz 1,401.67 TL Asgari Odeme Tutari 281.00 TL ve Son Odeme Tarihi 06.06.2011 dir.",,,,,,
Ham,beni bir daha arama,,,,,,
Ham,birader naaptın yaa gittin ta oralara unuttun bizi haber icar yok öyle olsun bakalım,,,,,,
Spam,"Tek telefonla Aninda Kredi! CardFinans'inizdan formalitesiz, kefilsiz 1000 TL kredi alin, 71 TL taksitle, 18 ayda kolayca odeyin. Bilgi icin 4440900'u arayin.",,,,,,
Spam,"28 Subat'a kadar Internet Subemiz ya da Bankamatiklerimizden en az 30TL Turkcell Yukleme talimati verin, hediye TL kazanma sansi yakalayin! Bilgi:isbank.com.tr",,,,,,
Ham,Son 4 hanesi 5403 olan Finansbank Kredi Kartinizin Toplam Borcu: 278.64 TL Asgari Borcu: 56.00 TL Son Odeme Tarihi: 30/05/2011. Finansbank,,,,,,
Spam,YASASIN KAMU kulubune uye olmak tamamen UCRETSIZ.Hemen KAMU yazip 2222ye UCRETSIZ gonderin size ozel servis ve indirimleri kacirmayin. www.turkcell.com.tr,,,,,,
Ham,VakifBank WebSubem girisi icin tek kullanimlik sifreniz: 146618 . Sifreniz 3 dk gecerlidir. Tarih: 03.03.2011 Saat: 20:51,,,,,,
Spam,Akilli telefon Turkcellden alinir! 13 TLden baslayan taksitlerle 3Gli telefonlar ve size ozel tekliflerimiz icin en yakin TIMi ziyaret edebilirsiniz.,,,,,,
Ham,Geliyon mu ???,,,,,,
Ham,VAKIFBANK ATM sinden ***2219 nolu hesabinizdan    1000.00 TL Para Cekme islemi yapilmistir. Islem bilginiz disindaysa 4440724 u arayiniz.,,,,,,
Ham,annenler haftasonu geliyorlardı dimi?,,,,,,
Spam,"Simdi e-faturaya gecin,Toyota Prius kazanma sansi yakalayin.E-faturaya gecmek icin e-posta adresinizi SMS ile 3008'e gonderebilirsiniz.Detaylar: www.avea.com.tr",,,,,,
Spam,"gnctrkcll'li, Meshur McDonald's kampanyasi, 1 menu alana 1 menu hediye, gelecek Cuma basliyor. Ilk kampanya sifren gnctrkcll'den sana hediye. Sifren:51321",,,,,,
Spam,VakifBank Worldcard inizla Eskisehir de anlasmali Alpet istasyonlarindan yapacaginiz akaryakit alisverislerinden aninda % 6 indirim kazanin!,,,,,,
Spam,"Artik yeni cihazinizla cepten internet daha keyifli!Cebinizden Facebook, Google ve tum internete 100MB paketle ayda SADECE 5 TLye ulasmak icin hemen 3AY yazip 2222 ye gonderin.",,,,,,
Ham,windows loading yapıo sonra mavi ekran iste. simdi repair yapıyo bkalım olmazsa gelirim size.,,,,,,
Ham,hastayim ben siz takilin,,,,,,
Ham,"Eski bir fatura lazım, bulamıyorum",,,,,,
Ham,tamam oldu,,,,,,
Ham,yemek hazırmı ??,,,,,,
Spam,"Avea Alo Doktorum ile doktorunuz ister sesli, ister goruntulu her an yaninizda. 9911i arayin, abone olun. Abonelik aylik 5TL, gorusmelerin dakikasi ise 20 Krs.",,,,,,
Spam,Beklenen  Sabri Ozel indirimi basladi!! Kis sezonu urunlerinde %70'e varan indirim.Keyifli alisverisler.,,,,,,
Ham,İnşallah bebeğim sen mutlu ol :),,,,,,
Ham,samet benim maile baksana göndermişler mi bileti,,,,,,
Ham,:S poff skntili bu durum olcak desene. apart ve kyk lara bakariz olmadi.,,,,,,
Spam,Sabri Ozel'de Babalar Gunune ozel %35+10 indirim firsati 19 Haziran'a kadar magazalarimizda devam ediyor.,,,,,,
Spam,"Turkiyenin VINN?i sadece Turkcellde!Ilk ve tek 3 ay sozlesmeli 3G modem VINN, 39TL on odeme ve 4GB internet ile tum vergiler dahil ayda sadece 39TL!",,,,,,
Ham,Ben arabayi kapinin onune biraktim carsiya gidiyorum annelere soylersin.,,,,,,
Ham,bilgisayarı getir mutlaka,,,,,,
Spam,"TTNEt'ten super firsat! Casper ve HP'den 5 farkli bilgisayar 14,99 TL'den baslayan fiyatlarla TTNET satis noktalarinda. Ayrintili bilgi icin www.ttnet.com.tr .",,,,,,
Ham,Haftasonu napıyoruz,,,,,,
Ham,uluu napiosunn..,,,,,,
Spam,VakifBank Worldcard ile Carrefour da 20TL Worldpuan! 30 Haziran a kadar Carrefour da yapacaginiz toplam 200TL alisverisinize 20TL Worldpuan hediye!vakifkart.com,,,,,,
Spam,"Ayda sadece 3 TLye sinirsiz FACEBOOK cebinde! Hemen FACE yaz 2222ye gonder, Facebook keyfini Turkcell kalitesiyle yasa!",,,,,,
Spam,%50 ye varan indirim bugun basladi... TUZUN,,,,,,
Ham,Çıktım sınavdan ne taraftasın?,,,,,,
Ham,tamm baba ben eve gidiyorum. dönüşte annemi de alır gelirsin.,,,,,,
Ham,Ben geldim bekliyorum,,,,,,
Spam,Ucretsiz havale ve EFT islemi Cep Subesi'nde! Internet Subesi sifre ve parolanizla hemen giris yapmak icin wap.garanti.com.tr'yi ziyaret edin.,,,,,,
Spam,"VakifBank Worldcard 1 Mayis - 14 Haziran arasi BP istasyonlarindan 4 adet 100 TL ve uzeri alisverise, 15-25 Haziran arasi BP de 40 TL indirim kazandiriyor!",,,,,,
Ham,"Fakir bebeğin içemediği sütü, zenginin köpeği içiyorsa; bana adaletten bahsetmeyin.",,,,,,
Spam,"gnctrkcll'li, Eskisehir Kurs Merkezi'nde, hitabet veya fotografcilik kursu 100 TL yerine sadece 49 TL! GNCTEKLIF.COM'a gir,satin al!",,,,,,
Ham,ben gelemem ya,,,,,,
Ham,ya işim var o saatte tam,,,,,,
Ham,ders calışmak mı nerdeee:),,,,,,
Ham,eylem nerde olack?,,,,,,
Ham,kanka 12.30 da esparktayiz :),,,,,,
Spam,Mudo'da kisa gunu kari kampanyasi! Secili hazirgiyim urunlerinde gecerli %50 ye varan indirimler sizi bekliyor. Sadece 1 Haziran'a ozel bu firsati kacirmayin !,,,,,,
Ham,Hayatta en zor şey de," İnsanın kendi kendini teselli etmek zorunda kalmasıdır.",,,,,
Ham,VAKIFBANK ATM sinden ***2219 nolu hesabinizdan    1000.00 TL Para Cekme islemi yapilmistir. Islem bilginiz disindaysa 4440724 u arayiniz.,,,,,,
Ham,Bugün okula gittin mi,,,,,,
Spam,"Degerli Musterimiz, kredi karti limitinizin ihtiyaciniz dogrultusunda Bankamizca otomatik olarak artirilmasi icin bu mesaji ""LIMIT"" yazip cevaplamaniz yeterli.",,,,,,
Spam,PERLINA dan Anneler Gunune ozel. Sezon urunlerinde 2'nci urune %25 indirim. Siz degerli musterilerimizi magazalarimiza bekliyoruz.,,,,,,
Ham,Otobüsün plakası ne,,,,,,
Spam,SYN.UYEMIZ,RICHELLE MEAD IN VAMPIR AKADEMISI 6 SON FEDAKARLIK ADLI YENI KITABI GELMISTIR.INDIRIMLI FIYATINDAN SUBELERIMIZDEN TEMIN EDEBILIRSINIZ. IYI OKUMALAR.,,,,,
Spam,"100TL BONUS! 15 HAZiRANA KADAR 4440333'U ARAYIP 1-3-5 TUSLAYARAK FATURA TALiMATI VERiN,1 FATURAYA 15,2 FATURAYA 30,4 FATURAYA 50,6 FATURAYA 100TL BONUS KAZANIN.",,,,,,
Spam,"Tekzen'de CardFinans'a ozel pesin fiyatina 12 taksit firsati. Ustelik 6 taksit ile simdi alin, haziranda odeyin.",,,,,,
Ham,ulubey kutuphaneye gelecek misin,,,,,,
Spam,SMS 30 paketi ile her yone 30 SMS icin 12TL yerine sadece 3TL odeyin! Bu firsattan faydalanmak icin hemen SMS 30 yazin 2222ye gonderin.,,,,,,
Spam,"gnctrkcllli,Durumcu Bekir Ustada 1Adana durum+1 ayran+3cig kofte+4cesit salata sadece 6 TL! BKR yaz 8073e gonder, smsle satin al.SMS ucreti 50krs. GNCTEKLIF.COM",,,,,,
Ham,vardım vardım siz.,,,,,,
Spam,"10TL verip 50TL almaya ne dersiniz! Hemen KATLA yazip 1616'ya gonderin 10TL'niz katlansin 50TL olsun, 1 hafta boyunca kendi tarifenizden YURTICI HERYONE konusun",,,,,,
Spam,Tebrikler! UCRETSIZ DIJITAL FOTOGRAF MAKINASI KAZANDINIZ. Hemen 7551880 i arayin HEDIYENIZI ve tasarruf cihazinizi almayi unutmayin.Numaramiz 7551880,,,,,,
Spam,"Avea Arac Sorgulama Servisi ile artik iciniz rahat. Aracin plaka numarasini yazin, 5664'e gonderin, hasar gecmisi cebinize gelsin. Servis ucreti 3,6TL.Bilgi 500",,,,,,
Ham,Lunaa.Napi0sn?Bisi sorcktim t.resim finalnde bstaki ge0metrik cizmler fln cikio mu neler vrd?,,,,,,
Spam,Turkcelle gecen yasadi!Haydigel 33 milyon Turkcellliyle haftda 2 GUN BEDAVA konus!Ustune 600dk heryone konus! Hepsi ayda SADECE 29TLye Turkcell noktalarinda!,,,,,,
Spam,"3G hizinda internet simdi cok avantajli! Hem de asim ucreti, surpriz vergi yok. Siz Kamululara ozel 12 ay -29 TL lik 4GB VINN icin en yakin TIMe bekliyoruz.",,,,,,
Spam,"gnctrkcll'li, Meshur McDonald's kampanyasi, 1 meu alana 1 menu hediye,gelecek Cuma basliyor. Ilk kampanya sifren gnctrkcll'den sana hediye. Sifren:51321",,,,,,
Spam,"Turkcell Cep Anayasasi Madde 1:Mevcut tarifenizin detaylarini ogrenip,sizin ihtiyaclariniza gore belirledigimiz uygun teklifler icin 757222 yi ucretsiz arayin!",,,,,,
Spam,JOURNEY'DE 2.URUNE %50 INDIRIM BASLADI! KAMPANYANIN GECERLI OLDUGU MAGAZALAR ICIN: WWW.JOURNEY.COM.TR,,,,,,
Spam,"Degerli musterimiz, gelir belgesiz,kefilsiz 10000TL on onayli ihtiyac kredinizi cazip oranlarla kullanin, 3 ay sonra odemeye baslayin. Subelerimize bekliyoruz.",,,,,,
Spam,VAKIFBANKTAN ANNELER GUNUNE OZEL UYGUN FAIZ ORANI VE 11 AY VADE SECENEGIYLE 5.000.-TL TAKSITLI IHTIYAC KREDISI. DETAYLI BILGI ICIN www.vakifbank.com.tr,,,,,,
Spam,DUNYANIN EN BUYUK OKULU WALL STREET INSTITUTE DEN 11.KURULUS YILINA OZEL %25 INDIRIM KAMPANYASINDA SON 7 GUN.HEMEN ARAYIN BU FIRSATI KACIRMAYIN!444 98 99,,,,,,
Ham,dife giriyonmu,,,,,,
Spam,"VakifBank Worldcard inizla 30 Nisan a kadar 100 TL ve uzeri giyim, kozmetik ve aksesuar alisverislerinizde +3 taksit veya 2 ay erteleme firsati!",,,,,,
Spam,"Maximum Kart'la 1-10 Subatta 1000TL alisveris yapin,12-13-14 Subatta kampanyali sektorlerde yapacaginiz alisverislerden %10MaxiPuan kazanin!Bilgi:maximum.com.tr",,,,,,
Spam,KIS SEZONUNUN SON BUYUK FIRSATI TEK FIYAT INDIRIMI BUGUN BASLADI... TUZUN,,,,,,
Spam,KFC ve Pizza Hut Restoranlari'ndan 28 Subat'a kadar yapacaginiz 30TL ve uzeri ikinci alisverise maximum Kart'a ozel 10TL MaxiPuan hediye! Bilgi: maximum.com.tr,,,,,,
Spam,"gnctrkcll'li,Eskisehir Danset'te 1 Aylik diledigin dans kursu 70 TL yerine 35 TL! Hemen GNCTEKLIF.COM'a gir, satin al! Firsati kacirma",,,,,,
Spam,"gnctrkcll'li, 222 Park One Night Club'da 1 adet icki dahil giris biletin 15 TL yerine 7,5 TL! Hemen GNCTEKLIF.COM'a gir, satin al! Firsati kacirma",,,,,,
Spam,"Simdi HERYONE rahat rahat konusmak 12 ay boyunca SABIT fiyat garantisiyle! Ustelik indirimle 95TL yerine sadece 75 TL. Heryone 2000dk,Turkcelllilerle 5000dk konusmak icin bu mesaji INDIRIM GOLD yazip cevaplamaniz yeterli.",,,,,,
Spam,"gnctrkcll'li, Eskisehir Es-Es Paintball'un pistinde 1 saatlik paintball keyfi 15 TL yerine sadece 7,5 TL! Hemen GNCTEKLIF.COM!a gir, satin al! Firsati kacirma",,,,,,
Ham,Kanka emin misin yanlış anons olmasın :),,,,,,
Ham,"SN ALPER KURSAT UYSAL, 03/04/2011 14:15:45 TARIHINDE TOURISTICA ADLI ISYERINDE 1,452.00 TL TUTARINDA VAKIFBANK WORLD KARTINIZLA HARCAMA YAPTINIZ.444 07 24",,,,,,
Ham,Işin yoksa langırtlı kısma uğrar mısın,,,,,,
Spam,"gnctrkcll'li, Eurolingua'da 60 saatlik (1 kur) Ingilizce ya da Almanca Egitimi 360 TL yerine sadece 99 TL! Hemen GNCTEKLIF.COM'a gir, satin al!",,,,,,
Spam,"Mujde! Simdi 3Gye gecenler gunluk 30dk Turkcelllilerle gorusme,100MB internet ve MobilTV kazaniyorlar.3G farkini BEDAVA denemek icin 3G yazin 2222ye gonderin",,,,,,
Spam,"Turkcell 3G VINN modem ve 12GB internet paketi, ilk kez Axess sahibi olanlara hediye! Katilmak icin VINN yaz 3155e gonder! Ayrintilar Axess.com.tr de",,,,,,
Ham,"Degerli musterimiz 07.04.2011 son odeme tarihli faturaniz 31,3TLdir.Detayli bilgi icin 7500u ucretsiz arayiniz.Bir sonraki fatura kesim tarihi 25.04.2011'dir",,,,,,
Ham,yarın hesap makinesi lazımmı sana?,,,,,,
Ham,evet  son bende yeni eve gidiyorum.,,,,,,
Spam,Sizi arayanlara dinletmeniz icin Nisan sonuna kadar ArayanaDinletler UCRETSIZ! Sarkinizi secmek icin 7060'i (20Kr/dk) arayin ya da ABONE yazip 7060'a gonderin.,,,,,,
Spam,24-26 Haziran tarihleri arasinda kozmetik urunlerinde %25 indirim firsati sizleri bekliyor. Kendinize iyi bakin!,,,,,,
Spam,MERKEZ TUR-HER PAZAR ULUDAG-MUDANYA 55 TLMASUKIYE-KARTEPE 85TL 14-16OCAK 2GECE OYLAT KAPLICALARI 215TL KAPADOKYA TERMAL 180TL 4-9 SUBAT 2.SURIYE TURUTEL:2344566,,,,,,
Spam,Simdi ayda sadece 9 TL'ye her yone tam 2 saat ve ayni tarifedekilerle sinirsiz konusma firsatini kacirmamak icin Avea bayilerine gelin.,,,,,,
Ham,aksam ruyamda senigordum yanima gelıyordun demek ki cok ozledim seni.),,,,,,
Ham,Tamam haber et madem müsait olunca.,,,,,,
Spam,DEGERLI ABONEMIZ SEDA SAYAN'IN PEPSI YASATIR SENI RAMAZANA OZEL KAMPANYASINDAN 100 BIN VE 10 BIN TL ÖDÜL IKRAMIYESINDE NUMARANIZ 1.500 NUMARA ARASINDA 9.NCU CIKTI 10 BIN TL ÖDÜL IKRAMIYESI KAZANMISTIR PEPSI BILGI VE ISLEM MERKEZI (5319067129) PEPSI DANISMA MERKEZINI ARAYIN,,,,,,
Ham,oldu tamam bu sefer,,,,,,
Spam,"English Home yaz esintisini perdelerinize tasiyor. Evinize ozel tuller 9,90TL/metre, fonluklar 12,90-29,90TL/metre. Keyifli alisverisler.",,,,,,
Spam,"TUM BANKACILIK ISLEMLERINIZI, EVINIZDEN VEYA OFISINIZDEN GARANTI INTERNET SUBESI'NI KULLANARAK HIZLI VE KOLAYCA GERCEKLESTIREBILIRSINIZ.",,,,,,
Spam,"Fabrika'da 1. urune %20, 2. urune %40 indirim! Ustelik Axess'e ozel +4 TAKSIT ve %5 CHIP-PARA!",,,,,,
Ham,Bende hiç anlamadım ya :S,,,,,,
Spam,"gnctrkcll'li,MAVI'de 125 TL ve uzeri alisveriste %20 INDIRIM. Yeni sezon urunlerde gecerli sana ozel bu firsati kacirma!Sen sectin,gnctrkcll yapti!gnctrkcll.com",,,,,,
Ham,"23 Aralik 2010-22 Ocak 2011 Donemine ait faturaniz 36,88 TL tutarindadir.Son odeme tarihi 16.02.2011 olan faturanizi 9333 u ucretsiz arayarak odeyebilirsiniz",,,,,,
Spam,"Avea nin firsatlarindan haberdar misiniz? Size uygun teklifi kacirmamak icin bizi,gonderdigimiz SMS lerden, epostalardan ve online islem merkezinden takip edin!",,,,,,
Spam,"Benetton ve 012'lerde her 75TL, 100TL, 150TL'lik alisverislerinizde yukselen miktarlarda hediye ceki firsati! Anneler gunune ozel baslayan bu firsati kacirmayin",,,,,,
Spam,"ArayanaDinlet Servisi'nde ilk ay abonelik UCRETSIZ! Abone olmak icin hemen ABONE yazip 7060'a ucretsiz gonderin, sizi arayanlara sectiginiz sarkilari dinletin.",,,,,,
Spam,"SYN UYEMIZ,TATILDE OKUYACAGINIZ TUM KITAPLARI,KIRALAYABILIRSINIZ. ADRES:INSANCIL SAHAF ESNAF SARAYI C KAPISI KARSI SOKAGI. www.insancilsahaf.comTEL 222 2338264",,,,,,
Ham,Çıktık kanka geç döncem 1 saatte falan bitirmeye çalışcaz Sinemin apartında çalışcaz.,,,,,,
Spam,SYN.UYEMIZ,P.C.CAST IN TANRICA SERISININ UCUNCU ROMANI ISIK TANRICASI ADLI YENI KITABI GELMISTIR.KITABINIZI SU BOYU SUBEMIZDEN TEMIN EDEBILIRSINIZ.IYI OKUMALAR.,,,,,
Ham,Yo war adimiz sen bi da bak,,,,,,
Ham,"Şimdi Hasanla bi apart bakcaz, ondan sonra yurda gitcem. Hüseyinle apart bakcaz.",,,,,,
Ham,Oglen birlik'e gidecegim gideceksen ses et,,,,,,
Ham,Kartaca kim kuzu nerenin firması yarın bakarız,,,,,,
Spam,Esse'de kirmizi etiket gunleri basladi. %50'ye varan indirimler CardFinans'a ozel +5 taksit firsatiyla sizleri bekliyor. Mutlu yillar dileriz.,,,,,,
Spam,Kurulus yilimiza ozel EKOL indirim gunleri bugun basladi. Oncelikli olmak icin acele edin. Keyifli alisverisler. www.ekolonline.com 03124738644,,,,,,
Ham,Gencel bugün bizde çiğköfte var ok geliyorsun,,,,,,
Ham,olmus bil,,,,,,
Spam,"gnctrkcllliTamsil Kuru Temizleme' de 3 alternatiften (3 Gomlek,2Ceket veya 1Takim elbise) biri 8.10 TL.TAMSIL yaz 8073'e gonder.SMS ucreti 50krs. GNCTEKLIF.COM",,,,,,
Ham,sen bu localhost olayindan cakiyosan bi msn gir bakeem,,,,,,
Spam,Numarasini Turkcell faturaliya tasiyana SADECE 29TLye heryone 600dk konusma ve 33 milyon Turkcelliyle haftada 2 Gun BEDAVA!Sizi Turkcell noktalarina bekliyoruz,,,,,,
Ham,cnm napiosun.executable jarı yapamadımda sen yaptıysan anlatabilir misin,,,,,,
Spam,"GUVENLI SURUSLER ICIN KAR LASTIGINDE SON FIRSAT. %30 INDIRIM, UCRETSIZ BALANS VE LASTIK SAKLAMA HIZMETI BIRMOT ESKISEHIR'DE SIZI BEKLIYOR. BILGI: 0 222-3352430",,,,,,
Spam,"CardFinans inizi kullandiginiz icin tesekkur ederiz. Market harcamalarinizdan 30TL ye kadar ParaPuan kazanma firsati icin 2273 e E yazip gonderin,sizi arayalim",,,,,,
Ham,ben geldimi mesaj atarım sana pencereye çıkarsın bi isteğin var mı dışardan,,,,,,
Ham,pcyi kapatmiycan mı ben kapatmanı beklerken diğerini açıyon kanka yat uyu artık net azcık huzur bulsun.,,,,,,
Spam,gnctrkcllliye SONY PSP 3004te cilgin fiyat basladi!sadece 349TL hem de yaninda 1 oyun hediye!bu firsati kacirip uzulme.sen sectin gnctrkcll yapti.gnctrkcll.com,,,,,,
Spam,"Kredi taksitleri daha da dustu! Her butceye uyacak, dusuk taksitli, 5.000TL ve 10.000TL yepyeni kredi firsatlari Garanti Tam Destek'de. Kacirmayin! 02662891600",,,,,,
Ham,"Eskiseerde havalar nasıl meendiz bey, biz burda yanıyok :):):)",,,,,,
Ham,Bu sefer eminim :),,,,,,
Spam,"23 Subat'a kadar Is Bankasi'ndan TTNET faturaniz icin talimat verin, cekilis ile Golf marka araba, Paris seyahati ya da Nokia Booklet kazanin! 4440202",,,,,,
Spam,VakifBank Worldcardla 31 Temmuz a  kadar Shell de yapacaginiz 4 adet 100TL ve uzeri alisveris size 1-10 Agustos arasi Shell de 40TL indirim kazandiriyor!,,,,,,
Spam,"Sizi arayan numaralar:""05325497670"" (17.12,13:54)(1) Bu mesaj ucretsizdir. Bu mesaji 2222'ye gonderip arayanin kim oldugunu 90 kurusa ogrenebilirsiniz.",,,,,,
Spam,"Degerli musterimiz, kullandiginiz NET4 paketinin aylik fiyatinda herhangi bir artis olmamistir. Guzel bir yil dileriz. TTNET",,,,,,
Ham,0433232685 buydu,,,,,,
Spam,Maximum Kart'tan kadinlara ozel 5 kat MaxiPuan firsati! 8 Mart Dunya Kadinlar Gununde tum alisverislerinizden 4 kat extra MaxiPuan kazanin.Bilgi:maximum.com.tr,,,,,,
Spam,Annelerin en guzeline en ozel hediye SABRI OZELden %25 INDIRIM FIRSATIYLA.6-15 MAYIS tarihleri arasi YENI SEZON BAYAN urunlerinde gecerli FIRSATI KACIRMAYIN.,,,,,,
Spam,"Istanbul Shopping Fest Divarese vitrinini oylamk icin SF6, ad soyad, cep telefonu ve adresinizi 7273'e atin, Bosphorus City'den ev kazanma sansi yakalayin!",,,,,,
Ham,10 du galiba.,,,,,,
Spam,VAKIFBANKTAN ANNELER GUNUNE OZEL UYGUN FAIZ ORANI VE 11 AY VADE SECENEGIYLE 5000-TL TAKSITLI IHTIYAC KREDISI. DETAYLI BILGI ICIN www.vakifbank.com.tr,,,,,,
Spam,Ayda SADECE 1TL ye 50 sarkiyi mp3 formatinda cep telefonuna veya www.gncplay.com dan bilgisayarina indirmek icin MUZIK yaz 2222 ye gonder. Bu firsati kacirma!,,,,,,
Ham,ben yatiyorum simdi lakin korkuyorum üsücem dye,,,,,,
Spam,"Altin  fiyatinin yukselecegini ongorenlere %100 anapara korumali yatirim fonu Ziraat Bankasş'nda, Halka arz: 24-28 Ocak 2011, ayrintili bilgi subelerimizde.",,,,,,
Ham,Evdeyim birazdan çıkarım.,,,,,,
Ham,neredesin kantine gel.,,,,,,
Ham,tamam oldu sen bılırsın,,,,,,
Spam,Mudo dan kacirilmayacak firsat ! Exclusive Cardinizla aldiginiz mobilyalarda kisa bir sure icin extra avantajlar sizi bekliyor.,,,,,,
Spam,SMS 30 paketi ile her yone 30 SMS icin 12TL yerine sadece 3TL odeyin! Bu firsattan faydalanmak icin hemen SMS 30 yazin 2222ye gonderin.,,,,,,
Spam,"444cicek.com da Avealilara tum urunlerde %20 indirim. CICEK yaz, 5060a gonder, sifren cebine gelsin. avea.com.tr/avantajavea",,,,,,
Ham,Napalım kardeş seni sormalı.,,,,,,
Spam,"gnctrkcll'li Ahmet Serif Izgoren'in Avucunuzdaki Kelebek online egitim seti 50TL yerine gncTEKLIF ile 19 TL!Hemen GNCTEKLIF.COM'a gir, satin al!",,,,,,
Ham,kimseye soyleme yanliz sana soyledim,,,,,,
Spam,CardFinans'a ozel EREYON'da pesin fiyatina 6 taksit firsati! Ustelik %5 indirim avantaji da sizi bekliyor.,,,,,,
Spam,Bosch beyaz esyalar CardFinans'a ozel +8 taksit veya 2012'de baslayan odeme secenekleri ile sizleri bekliyor. Ayrintili bilgi icin www.cardfinans.com.tr,,,,,,
Spam,"1000 TL AVANS BONUS! 31 MART'A KADAR AVANS YAZIP BONUS CARD'INIZIN SON 6 HANESiNi 3340'A GONDERiN, MAYIS'TAN iTiBAREN 10 TAKSiTTE ODEYiN! BONUS.COM.TR",,,,,,
Ham,abi işim var o saatte tam,,,,,,
Ham,Tamam kuzum yarın bezelye yapalımda yiyelim gelirken patates alyımda :),,,,,,
Ham,Spordan dolayi o hayatm..Protein olayni yapmiomsn??,,,,,,
Ham,"anne ben yrn size staj ile ilgili bi belge göndercem,onu sizin telekoma ulaştırmanız gerkio.,cok öptümm beybimmmmm:)))",,,,,,
Ham,Son 4 hanesi 5403 olan Finansbank kredi Kartinizin Toplam Borcu: 928.02 TL Asgari Borcu: 186 TL Son Odeme Tarihi: 28/02/2011. Finansbank,,,,,,
Spam,Mudo'ya once gelen kazaniyor! Sayisiz Hazir giyim urunu buyuk indirimlerle Outletlere devir oldu.Ustelik ilk 3 gun Exclusive Carda tek odemede extra %10 indirim,,,,,,
Spam,"Deherli musterimiz, gelir belgesiz,kefilsiz 10000TL on onayli ihtiyac kredinizi cazip oranlarla kullanin, 3 ay sonra odemeye baslayin. Subelerimize bekliyoruz.",,,,,,
Ham,LaYN,,,,,,
Ham,Bakarız bişi çıkmaz la:)sen gel bizle pişman olursun sonra,,,,,,
Ham,4 gibi çarşi da olabilirmisin?,,,,,,
Ham,Sari sekerIm benim iyiki dogmus yapimda emegi gecen herkese sayglar:)),,,,,,
Spam,Kurulus yilimiza ozel EKOL indirim gunleri bugun basladi. Oncelikli olmak icin acele edin. Keyifli alisverisler. www.ekolonline.com 031224738644,,,,,,
Spam,VakifBank Worldcard inizla Eskisehir de anlasmali Alpet istasyonlarindan yapacaginiz akaryakit alisverislerinden aninda % 6 indirim kazanin!,,,,,,
Spam,"CardFinans'tan tek telefonla Aninda Kredi! Formalitesiz, kefilsiz 1000 TL kredi alin, 70 TL taksitle, 18 ayda kolayca odeyin. Bilgi icin 4440900'u arayin.",,,,,,
Ham,Mail attim bi bak olmadi biraz daha acmaya calisirim,,,,,,
Spam,Sabri Ozel'de cifte yeni yil firsati! Kirmizi etiketli urunlerde %50 indirim firsati basladi.Ayrica Sezon Urunlerinde %41 indirim devam ediyor.Mutlu Yillar,,,,,,
Ham,Finansbank Internet Bankaciligi basvuru isleminizi gerceklestirmeniz icin Yuksek Guvenlik Sifreniz: 3030,,,,,,
Ham,cnm ya üzerimde bi kırgınlık var hasta olcam gibi çıkmayayım şimdi havada yağmrlu bi dahakine gelrm artık slm söyle arkadaşlara,,,,,,
Spam,Kamu 1000 paketine gecerek ayda sadece 45TLye heryonle 1000dk ve 1000smse sahip olabilirsiniz.Bu muhtesem paket icin hemen KAMU yazip 2222ye gonderin,,,,,,
Ham,Canım ya kantine gelebilir misin,,,,,,
Ham,"**5992 nolu Kredi Karti Ekstre Borcunuz 1,119.25 TL Asgari Odeme Tutari 247.00 TL ve Son Odeme Tarihi 05.07.2011 dir.",,,,,,
Ham,"18/03'de kesilecek, son 4 hanesi 5403 olan kartiniza ait ekstrenize yansiyacak tutar 1132.67 TL 'ye ulasmistir. Kullanilabilir limitiniz 1423.03 TL 'dir.",,,,,,
Spam,Tebrikler! Opet'te akaryakit aliminda harcanabilir 5 TL degerinde Paropuan kazandiniz. Opet istasyonlarinda 15 Temmuz'a kadar puanlarinizi harcayabilirsiniz.,,,,,,
,,,,,,,
